Rank,Median Household Income,Zip / Population,Zip,Population
1247,"$42,500 ",95568 / 94,95568,94
1677,"$13,906 ",93528 / 79,93528,79
1340,"$39,375 ",95646 / 98,95646,98
1294,"$41,042 ",96076 / 88,96076,88
1315,"$40,341 ",94576 / 87,94576,87
1540,"$31,296 ",92266 / 62,92266,62
1582,"$28,897 ",95486 / 54,95486,54
373,"$80,729 ",92384 / 34,92384,34
149,"$102,500 ",92364 / 30,92364,30
1639,"$24,009 ",93623 / 58,93623,58
1492,"$33,333 ",96123 / 36,96123,36
1416,"$36,875 ",96071 / 77,96071,77
1466,"$34,688 ",96111 / 69,96111,69
400,"$78,750 ",96061 / 19,96061,19
1653,"$21,333 ",94950 / 74,94950,74
138,"$104,125 ",92060 / 61,92060,61
845,"$56,667 ",95720 / 60,95720,60
1683,"$11,250 ",93530 / 28,93530,28
1223,"$43,092 ","92335 / 99,580",92335,"99,580"
1209,"$43,526 ","90280 / 95,515",90280,"95,515"
1143,"$45,766 ","90250 / 95,223",90250,"95,223"
1162,"$45,197 ","90805 / 94,561",90805,"94,561"
893,"$55,051 ","92503 / 92,959",92503,"92,959"
728,"$60,899 ","91342 / 91,701",91342,"91,701"
294,"$87,425 ","92336 / 91,510",92336,"91,510"
926,"$53,559 ","92683 / 91,204",92683,"91,204"
1588,"$28,344 ","90044 / 88,412",90044,"88,412"
872,"$55,865 ","94565 / 87,395",94565,"87,395"
770,"$59,412 ","92704 / 87,121",92704,"87,121"
807,"$57,789 ","91744 / 87,096",91744,"87,096"
750,"$60,162 ","92154 / 86,740",92154,"86,740"
957,"$52,408 ","92804 / 85,969",92804,"85,969"
1167,"$44,965 ","92376 / 85,647",92376,"85,647"
844,"$56,671 ","95076 / 84,587",95076,"84,587"
1477,"$34,358 ","93307 / 84,184",93307,"84,184"
1069,"$48,891 ","91911 / 83,710",91911,"83,710"
510,"$71,825 ","91710 / 83,042",91710,"83,042"
519,"$71,505 ","94112 / 83,032",94112,"83,032"
888,"$55,210 ","93033 / 82,263",93033,"82,263"
1254,"$42,323 ","92345 / 81,049",92345,"81,049"
910,"$54,381 ","93722 / 80,455",93722,"80,455"
824,"$57,286 ","92509 / 78,221",92509,"78,221"
311,"$85,707 ","92126 / 78,201",92126,"78,201"
994,"$51,398 ","91335 / 77,952",91335,"77,952"
1004,"$51,234 ","91706 / 77,692",91706,"77,692"
1056,"$49,360 ","90706 / 77,455",90706,"77,455"
904,"$54,640 ","91910 / 76,797",91910,"76,797"
765,"$59,699 ","94544 / 76,508",94544,"76,508"
1440,"$35,985 ","90255 / 76,206",90255,"76,206"
193,"$97,609 ","91709 / 76,187",91709,"76,187"
1333,"$39,551 ","93257 / 75,390",93257,"75,390"
266,"$89,541 ","92592 / 74,558",92592,"74,558"
1371,"$38,502 ","93550 / 74,203",93550,"74,203"
1226,"$42,984 ","92553 / 73,803",92553,"73,803"
1127,"$46,394 ","93727 / 73,671",93727,"73,671"
1423,"$36,731 ","95823 / 73,641",95823,"73,641"
169,"$100,308 ","95630 / 73,356",95630,"73,356"
1230,"$42,835 ","93535 / 73,282",93535,"73,282"
218,"$94,173 ","93065 / 72,273",93065,"72,273"
1068,"$48,896 ","91766 / 71,851",91766,"71,851"
350,"$82,564 ","94587 / 71,675",94587,"71,675"
1147,"$45,591 ","93274 / 71,430",93274,"71,430"
330,"$84,488 ","94110 / 71,422",94110,"71,422"
1414,"$36,893 ","92105 / 71,334",92105,"71,334"
539,"$70,724 ","93536 / 71,313",93536,"71,313"
909,"$54,422 ","92805 / 70,839",92805,"70,839"
1352,"$39,009 ","91402 / 70,781",91402,"70,781"
243,"$92,107 ","94536 / 70,696",94536,"70,696"
1270,"$42,057 ","90262 / 70,650",90262,"70,650"
834,"$56,973 ","94533 / 70,634",94533,"70,634"
511,"$71,793 ","92882 / 70,188",92882,"70,188"
1036,"$50,047 ","92703 / 69,890",92703,"69,890"
181,"$98,899 ","95035 / 69,635",95035,"69,635"
1349,"$39,051 ","90022 / 69,516",90022,"69,516"
823,"$57,287 ","92114 / 69,305",92114,"69,305"
968,"$52,203 ","93306 / 68,910",93306,"68,910"
612,"$66,553 ","90631 / 68,899",90631,"68,899"
1125,"$46,435 ","90026 / 67,986",90026,"67,986"
487,"$72,720 ","94558 / 67,967",94558,"67,967"
1220,"$43,244 ","90019 / 67,606",90019,"67,606"
709,"$61,952 ","91730 / 66,979",91730,"66,979"
1558,"$30,016 ","90003 / 66,913",90003,"66,913"
1037,"$50,035 ","92021 / 66,854",92021,"66,854"
943,"$53,008 ","93230 / 66,316",93230,"66,316"
408,"$78,378 ","94080 / 66,002",94080,"66,002"
474,"$73,684 ","95687 / 65,781",95687,"65,781"
1252,"$42,404 ","95206 / 65,324",95206,"65,324"
189,"$98,264 ","92677 / 64,642",92677,"64,642"
253,"$90,881 ","95123 / 64,602",95123,"64,602"
541,"$70,692 ","95127 / 64,498",95127,"64,498"
1324,"$40,024 ","92201 / 63,915",92201,"63,915"
1096,"$47,672 ","92801 / 63,883",92801,"63,883"
290,"$87,652 ","94538 / 63,850",94538,"63,850"
1285,"$41,485 ","91732 / 63,849",91732,"63,849"
849,"$56,607 ","90660 / 63,686",90660,"63,686"
832,"$57,038 ","92707 / 63,595",92707,"63,595"
1373,"$38,493 ","90004 / 63,547",90004,"63,547"
891,"$55,082 ","93906 / 63,529",93906,"63,529"
1104,"$47,436 ","90640 / 63,400",90640,"63,400"
911,"$54,372 ","94509 / 63,351",94509,"63,351"
450,"$75,448 ","92562 / 63,293",92562,"63,293"
383,"$80,233 ","95624 / 63,131",95624,"63,131"
1112,"$47,078 ","91770 / 63,119",91770,"63,119"
405,"$78,564 ","94015 / 62,941",94015,"62,941"
804,"$57,895 ","94541 / 62,738",94541,"62,738"
531,"$70,935 ","94501 / 62,571",94501,"62,571"
48,"$130,961 ","95014 / 62,478",95014,"62,478"
1041,"$49,786 ","90731 / 62,348",90731,"62,348"
549,"$70,003 ","95758 / 62,099",95758,"62,099"
886,"$55,238 ","91343 / 61,976",91343,"61,976"
1232,"$42,828 ","92115 / 61,718",92115,"61,718"
1611,"$26,638 ","90037 / 61,536",90037,"61,536"
1154,"$45,439 ","95828 / 61,490",95828,"61,490"
1539,"$31,403 ","90006 / 61,419",90006,"61,419"
1334,"$39,533 ","91950 / 61,262",91950,"61,262"
806,"$57,860 ","93030 / 61,215",93030,"61,215"
160,"$101,303 ","92880 / 61,187",92880,"61,187"
993,"$51,427 ","90042 / 61,034",90042,"61,034"
831,"$57,047 ","95111 / 60,907",95111,"60,907"
1233,"$42,807 ","93905 / 60,887",93905,"60,887"
809,"$57,708 ","92627 / 60,806",92627,"60,806"
884,"$55,256 ","95608 / 60,729",95608,"60,729"
1107,"$47,369 ","93309 / 60,631",93309,"60,631"
1358,"$38,767 ","92404 / 60,501",92404,"60,501"
901,"$54,769 ","91702 / 60,475",91702,"60,475"
658,"$64,089 ","92780 / 60,438",92780,"60,438"
988,"$51,702 ","92407 / 60,118",92407,"60,118"
969,"$52,173 ","94806 / 60,101",94806,"60,101"
1544,"$31,215 ","90813 / 60,017",90813,"60,017"
847,"$56,646 ","95355 / 59,955",95355,"59,955"
721,"$61,270 ","91761 / 59,892",91761,"59,892"
465,"$74,637 ","92647 / 59,741",92647,"59,741"
348,"$82,748 ","95020 / 59,666",95020,"59,666"
322,"$84,785 ","92630 / 59,657",92630,"59,657"
753,"$60,124 ","91977 / 59,481",91977,"59,481"
840,"$56,743 ","90034 / 58,968",90034,"58,968"
758,"$59,995 ","92346 / 58,845",92346,"58,845"
307,"$86,070 ","94122 / 58,547",94122,"58,547"
576,"$68,346 ","90066 / 58,337",90066,"58,337"
1040,"$49,851 ","92020 / 58,305",92020,"58,305"
1279,"$41,578 ","90744 / 58,061",90744,"58,061"
1288,"$41,278 ","92324 / 58,013",92324,"58,013"
512,"$71,757 ","90745 / 57,727",90745,"57,727"
426,"$77,105 ","92563 / 57,605",92563,"57,605"
1591,"$28,185 ","92113 / 57,580",92113,"57,580"
820,"$57,470 ","95122 / 57,564",95122,"57,564"
1053,"$49,454 ","95112 / 57,503",95112,"57,503"
353,"$82,005 ","92708 / 57,441",92708,"57,441"
264,"$89,607 ","94513 / 56,929",94513,"56,929"
927,"$53,473 ","92027 / 56,892",92027,"56,892"
1238,"$42,698 ","92570 / 56,766",92570,"56,766"
336,"$83,974 ","93063 / 56,687",93063,"56,687"
1197,"$43,803 ","93458 / 56,514",93458,"56,514"
857,"$56,277 ","92392 / 56,461",92392,"56,461"
236,"$92,678 ","95747 / 56,415",95747,"56,415"
1482,"$34,050 ","90001 / 56,314",90001,"56,314"
225,"$93,588 ","93312 / 56,313",93312,"56,313"
710,"$61,934 ","92840 / 56,291",92840,"56,291"
1018,"$50,707 ","91762 / 56,148",91762,"56,148"
1203,"$43,707 ","91605 / 56,060",91605,"56,060"
1432,"$36,321 ","93215 / 56,028",93215,"56,028"
638,"$64,976 ","92057 / 55,618",92057,"55,618"
298,"$87,110 ","92646 / 55,505",92646,"55,505"
468,"$74,393 ","92071 / 55,362",92071,"55,362"
436,"$76,447 ","91745 / 55,237",91745,"55,237"
66,"$122,354 ","94087 / 55,229",94087,"55,229"
895,"$54,980 ","93436 / 55,176",93436,"55,176"
1293,"$41,051 ","92507 / 55,156",92507,"55,156"
875,"$55,801 ","93117 / 55,064",93117,"55,064"
1014,"$50,833 ","93291 / 54,899",93291,"54,899"
1006,"$51,116 ","92571 / 54,825",92571,"54,825"
1199,"$43,784 ","90723 / 54,813",90723,"54,813"
679,"$63,173 ","94109 / 54,768",94109,"54,768"
150,"$102,479 ","95125 / 54,696",95125,"54,696"
113,"$109,267 ","92129 / 54,664",92129,"54,664"
471,"$73,870 ","94591 / 54,530",94591,"54,530"
161,"$101,292 ","95051 / 54,406",95051,"54,406"
1343,"$39,206 ","90063 / 54,353",90063,"54,353"
1275,"$41,737 ","93308 / 54,132",93308,"54,132"
1008,"$51,060 ","91764 / 54,078",91764,"54,078"
772,"$59,302 ","92399 / 54,056",92399,"54,056"
830,"$57,052 ","92504 / 53,960",92504,"53,960"
1005,"$51,225 ","91801 / 53,792",91801,"53,792"
1235,"$42,753 ","90221 / 53,657",90221,"53,657"
1030,"$50,381 ","91406 / 53,528",91406,"53,528"
795,"$58,361 ","91304 / 53,517",91304,"53,517"
389,"$80,037 ","92870 / 53,474",92870,"53,474"
1383,"$38,162 ","91405 / 53,406",91405,"53,406"
597,"$67,019 ","92833 / 53,309",92833,"53,309"
631,"$65,319 ","92117 / 53,205",92117,"53,205"
423,"$77,247 ","91344 / 53,165",91344,"53,165"
878,"$55,656 ","95670 / 52,886",95670,"52,886"
669,"$63,728 ","92056 / 52,758",92056,"52,758"
1105,"$47,413 ","95116 / 52,597",95116,"52,597"
1347,"$39,060 ","92701 / 52,588",92701,"52,588"
1221,"$43,170 ","92234 / 52,534",92234,"52,534"
1007,"$51,105 ","91786 / 52,152",91786,"52,152"
736,"$60,655 ","92557 / 51,871",92557,"51,871"
1009,"$51,056 ","93277 / 51,849",93277,"51,849"
1048,"$49,552 ","92530 / 51,816",92530,"51,816"
1453,"$35,150 ","93304 / 51,607",93304,"51,607"
387,"$80,132 ","92626 / 51,575",92626,"51,575"
31,"$144,152 ","94539 / 51,459",94539,"51,459"
559,"$69,616 ","93003 / 51,454",93003,"51,454"
161,"$101,292 ","92656 / 51,370",92656,"51,370"
856,"$56,337 ","90046 / 51,329",90046,"51,329"
1313,"$40,461 ","95350 / 50,676",95350,"50,676"
558,"$69,678 ","95023 / 50,625",95023,"50,625"
317,"$85,200 ","93551 / 50,572",93551,"50,572"
46,"$131,166 ","92130 / 50,280",92130,"50,280"
1153,"$45,474 ","90220 / 50,222",90220,"50,222"
774,"$59,125 ","90024 / 50,117",90024,"50,117"
1557,"$30,214 ","90002 / 50,098",90002,"50,098"
257,"$90,613 ","90703 / 50,069",90703,"50,069"
1332,"$39,601 ","94601 / 49,990",94601,"49,990"
919,"$53,820 ","92026 / 49,981",92026,"49,981"
1415,"$36,890 ","93638 / 49,761",93638,"49,761"
1155,"$45,433 ","92025 / 49,734",92025,"49,734"
391,"$79,858 ","90638 / 49,543",90638,"49,543"
699,"$62,262 ","95376 / 49,398",95376,"49,398"
259,"$90,298 ","92128 / 49,264",92128,"49,264"
239,"$92,402 ","92024 / 49,226",92024,"49,226"
201,"$96,297 ","92064 / 49,079",92064,"49,079"
869,"$55,947 ","92505 / 49,064",92505,"49,064"
1057,"$49,206 ","91767 / 49,027",91767,"49,027"
156,"$102,045 ","92692 / 48,967",92692,"48,967"
433,"$76,669 ","94553 / 48,891",94553,"48,891"
536,"$70,820 ","95648 / 48,869",95648,"48,869"
1524,"$32,104 ","90018 / 48,852",90018,"48,852"
333,"$84,051 ","90630 / 48,844",90630,"48,844"
1369,"$38,563 ","95207 / 48,748",95207,"48,748"
725,"$60,959 ","91306 / 48,707",91306,"48,707"
688,"$62,677 ","92879 / 48,654",92879,"48,654"
110,"$110,054 ","92886 / 48,649",92886,"48,649"
1266,"$42,206 ","92243 / 48,615",92243,"48,615"
414,"$77,930 ","93611 / 48,597",93611,"48,597"
1600,"$27,190 ","90033 / 48,567",90033,"48,567"
516,"$71,668 ","94014 / 48,536",94014,"48,536"
126,"$106,660 ","95124 / 48,505",95124,"48,505"
1465,"$34,732 ","95351 / 48,437",95351,"48,437"
826,"$57,223 ","92028 / 48,335",92028,"48,335"
1029,"$50,401 ","92084 / 48,275",92084,"48,275"
224,"$93,713 ","92691 / 48,129",92691,"48,129"
1157,"$45,332 ","95616 / 48,106",95616,"48,106"
100,"$113,616 ","94568 / 48,097",94568,"48,097"
146,"$102,952 ","94550 / 48,050",94550,"48,050"
730,"$60,896 ","91748 / 47,859",91748,"47,859"
1620,"$26,031 ","93702 / 47,850",93702,"47,850"
1386,"$38,050 ","90016 / 47,786",90016,"47,786"
879,"$55,635 ","92111 / 47,590",92111,"47,590"
251,"$90,966 ","91765 / 47,562",91765,"47,562"
1602,"$27,120 ","92410 / 47,510",92410,"47,510"
1227,"$42,968 ","90247 / 47,374",90247,"47,374"
1161,"$45,208 ","90032 / 47,309",90032,"47,309"
1325,"$40,021 ","95240 / 47,297",95240,"47,297"
644,"$64,773 ","95843 / 47,172",95843,"47,172"
270,"$89,464 ","94303 / 47,159",94303,"47,159"
698,"$62,365 ","95060 / 47,148",95060,"47,148"
1268,"$42,084 ","92544 / 47,136",92544,"47,136"
955,"$52,457 ","92069 / 47,130",92069,"47,130"
170,"$100,215 ","94086 / 47,051",94086,"47,051"
1311,"$40,528 ","90047 / 46,999",90047,"46,999"
123,"$107,324 ","95148 / 46,993",95148,"46,993"
1060,"$49,088 ","91352 / 46,874",91352,"46,874"
209,"$95,435 ","95037 / 46,834",95037,"46,834"
645,"$64,738 ","92223 / 46,719",92223,"46,719"
310,"$85,857 ","92648 / 46,623",92648,"46,623"
836,"$56,885 ","95336 / 46,433",95336,"46,433"
440,"$75,928 ","92584 / 46,346",92584,"46,346"
949,"$52,794 ","90065 / 46,254",90065,"46,254"
349,"$82,675 ","92705 / 46,163",92705,"46,163"
427,"$77,092 ","93720 / 46,153",93720,"46,153"
619,"$66,057 ","91790 / 46,059",91790,"46,059"
1031,"$50,316 ","90027 / 46,025",90027,"46,025"
410,"$78,116 ","92506 / 45,993",92506,"45,993"
382,"$80,278 ","90620 / 45,992",90620,"45,992"
881,"$55,530 ","92078 / 45,926",92078,"45,926"
1411,"$37,082 ","90023 / 45,886",90023,"45,886"
648,"$64,660 ","94577 / 45,808",94577,"45,808"
1604,"$26,940 ","90057 / 45,747",90057,"45,747"
1117,"$46,655 ","92058 / 45,685",92058,"45,685"
320,"$84,828 ","94116 / 45,552",94116,"45,552"
428,"$77,047 ","90503 / 45,518",90503,"45,518"
273,"$88,987 ","95008 / 45,495",95008,"45,495"
1267,"$42,195 ","91606 / 45,467",91606,"45,467"
596,"$67,025 ","92109 / 45,304",92109,"45,304"
525,"$71,278 ","90025 / 45,284",90025,"45,284"
166,"$100,694 ","92688 / 45,074",92688,"45,074"
128,"$106,365 ","91320 / 44,958",91320,"44,958"
684,"$63,029 ","95403 / 44,918",95403,"44,918"
1280,"$41,575 ","92102 / 44,893",92102,"44,893"
287,"$87,782 ","95757 / 44,638",95757,"44,638"
522,"$71,307 ","92122 / 44,602",92122,"44,602"
1072,"$48,733 ","92104 / 44,590",92104,"44,590"
413,"$78,072 ","92867 / 44,569",92867,"44,569"
952,"$52,536 ","92843 / 44,468",92843,"44,468"
1122,"$46,497 ","96003 / 44,398",96003,"44,398"
289,"$87,720 ","93311 / 44,358",93311,"44,358"
464,"$74,797 ","92019 / 44,357",92019,"44,357"
639,"$64,974 ","93446 / 44,288",93446,"44,288"
627,"$65,701 ","93036 / 44,277",93036,"44,277"
247,"$91,617 ","91360 / 44,208",91360,"44,208"
155,"$102,160 ","92620 / 43,802",92620,"43,802"
1298,"$40,930 ","91733 / 43,790",91733,"43,790"
1646,"$22,646 ","90007 / 43,779",90007,"43,779"
996,"$51,365 ","92802 / 43,743",92802,"43,743"
325,"$84,741 ","91913 / 43,655",91913,"43,655"
642,"$64,803 ","93313 / 43,644",93313,"43,644"
303,"$86,521 ","94560 / 43,635",94560,"43,635"
154,"$102,212 ","92009 / 43,627",92009,"43,627"
865,"$56,059 ","90241 / 43,596",90241,"43,596"
1021,"$50,536 ","95610 / 43,572",95610,"43,572"
448,"$75,500 ","94546 / 43,448",94546,"43,448"
760,"$59,878 ","90501 / 43,407",90501,"43,407"
228,"$93,509 ","91789 / 43,369",91789,"43,369"
304,"$86,505 ","93010 / 43,234",93010,"43,234"
829,"$57,095 ","90242 / 43,199",90242,"43,199"
816,"$57,610 ","94605 / 43,168",94605,"43,168"
1198,"$43,785 ","90806 / 43,140",90806,"43,140"
1363,"$38,738 ","90043 / 43,118",90043,"43,118"
1300,"$40,897 ","92236 / 43,037",92236,"43,037"
1020,"$50,568 ","92054 / 42,992",92054,"42,992"
1183,"$44,392 ","95822 / 42,907",95822,"42,907"
819,"$57,484 ","94928 / 42,668",94928,"42,668"
142,"$103,333 ","94117 / 42,638",94117,"42,638"
1515,"$32,471 ","93726 / 42,618",93726,"42,618"
282,"$88,693 ","94531 / 42,587",94531,"42,587"
79,"$120,401 ","94566 / 42,523",94566,"42,523"
352,"$82,076 ","91387 / 42,518",91387,"42,518"
500,"$72,212 ","93455 / 42,513",93455,"42,513"
1365,"$38,709 ","92395 / 42,481",92395,"42,481"
1145,"$45,631 ","95307 / 42,470",95307,"42,470"
1486,"$33,678 ","90059 / 42,470",90059,"42,470"
75,"$120,742 ","90275 / 42,420",90275,"42,420"
643,"$64,787 ","92040 / 42,323",92040,"42,323"
503,"$72,168 ","91016 / 42,235",91016,"42,235"
87,"$118,125 ","94010 / 42,223",94010,"42,223"
608,"$66,706 ","90605 / 42,103",90605,"42,103"
367,"$81,369 ","94066 / 42,100",94066,"42,100"
841,"$56,738 ","93552 / 42,073",93552,"42,073"
547,"$70,220 ","94121 / 42,043",94121,"42,043"
425,"$77,152 ","91367 / 42,029",91367,"42,029"
431,"$76,909 ","94901 / 42,027",94901,"42,027"
685,"$62,969 ","95678 / 41,929",95678,"41,929"
64,"$123,459 ","92127 / 41,900",92127,"41,900"
293,"$87,500 ","95136 / 41,852",95136,"41,852"
572,"$68,679 ","95831 / 41,597",95831,"41,597"
985,"$51,827 ","95621 / 41,474",95621,"41,474"
499,"$72,218 ","95209 / 41,459",95209,"41,459"
412,"$78,082 ","90045 / 41,453",90045,"41,453"
191,"$98,026 ","95132 / 41,222",95132,"41,222"
1222,"$43,165 ","95991 / 41,212",95991,"41,212"
321,"$84,819 ","94521 / 41,138",94521,"41,138"
1320,"$40,119 ","92545 / 41,078",92545,"41,078"
1330,"$39,743 ","95380 / 41,069",95380,"41,069"
84,"$119,095 ","94025 / 40,945",94025,"40,945"
1050,"$49,541 ","94804 / 40,941",94804,"40,941"
611,"$66,590 ","92374 / 40,911",92374,"40,911"
134,"$104,934 ","90278 / 40,839",90278,"40,839"
429,"$76,994 ","91701 / 40,822",91701,"40,822"
1370,"$38,510 ","95210 / 40,820",95210,"40,820"
486,"$72,739 ","95628 / 40,767",95628,"40,767"
1172,"$44,629 ","90804 / 40,679",90804,"40,679"
923,"$53,652 ","95407 / 40,657",95407,"40,657"
88,"$117,700 ","95762 / 40,603",95762,"40,603"
392,"$79,525 ","90815 / 40,572",90815,"40,572"
122,"$107,493 ","95129 / 40,530",95129,"40,530"
1064,"$48,994 ","91401 / 40,503",91401,"40,503"
479,"$73,352 ","92555 / 40,419",92555,"40,419"
749,"$60,230 ","94134 / 40,343",94134,"40,343"
598,"$67,001 ","95404 / 40,253",95404,"40,253"
1451,"$35,253 ","90029 / 40,161",90029,"40,161"
345,"$82,993 ","94118 / 40,102",94118,"40,102"
1058,"$49,121 ","93637 / 40,101",93637,"40,101"
211,"$95,189 ","94403 / 40,032",94403,"40,032"
1214,"$43,345 ","92308 / 39,953",92308,"39,953"
196,"$96,824 ","90808 / 39,834",90808,"39,834"
1574,"$29,197 ","93706 / 39,794",93706,"39,794"
187,"$98,321 ","94551 / 39,775",94551,"39,775"
544,"$70,380 ","92591 / 39,767",92591,"39,767"
34,"$138,371 ","94582 / 39,721",94582,"39,721"
1464,"$34,733 ","92231 / 39,675",92231,"39,675"
687,"$62,828 ","92806 / 39,616",92806,"39,616"
628,"$65,640 ","90604 / 39,541",90604,"39,541"
1165,"$45,056 ","93635 / 39,439",93635,"39,439"
960,"$52,354 ","91942 / 39,438",91942,"39,438"
1467,"$34,656 ","90031 / 39,333",90031,"39,333"
210,"$95,306 ","92037 / 39,241",92037,"39,241"
1447,"$35,600 ","93534 / 39,120",93534,"39,120"
874,"$55,827 ","95833 / 39,117",95833,"39,117"
1409,"$37,121 ","90020 / 39,102",90020,"39,102"
376,"$80,449 ","95835 / 39,073",95835,"39,073"
998,"$51,341 ","93292 / 38,825",93292,"38,825"
755,"$60,100 ","95476 / 38,822",95476,"38,822"
1166,"$44,984 ","90802 / 38,816",90802,"38,816"
965,"$52,274 ","95695 / 38,790",95695,"38,790"
1109,"$47,202 ","91601 / 38,781",91601,"38,781"
1097,"$47,656 ","94520 / 38,743",94520,"38,743"
1545,"$31,214 ","90005 / 38,638",90005,"38,638"
1059,"$49,095 ","94578 / 38,629",94578,"38,629"
948,"$52,813 ","95401 / 38,604",95401,"38,604"
313,"$85,514 ","95121 / 38,603",95121,"38,603"
415,"$77,706 ","94561 / 38,481",94561,"38,481"
514,"$71,697 ","92253 / 38,462",92253,"38,462"
537,"$70,811 ","91104 / 38,421",91104,"38,421"
197,"$96,719 ","94044 / 38,416",94044,"38,416"
924,"$53,648 ","95826 / 38,378",95826,"38,378"
1402,"$37,296 ","95926 / 38,276",95926,"38,276"
828,"$57,124 ","92307 / 38,204",92307,"38,204"
1398,"$37,414 ","91205 / 38,138",91205,"38,138"
1511,"$32,635 ","93705 / 38,130",93705,"38,130"
174,"$100,049 ","91739 / 38,009",91739,"38,009"
1078,"$48,488 ","95301 / 38,007",95301,"38,007"
1563,"$29,812 ","93305 / 37,871",93305,"37,871"
550,"$69,966 ","92337 / 37,844",92337,"37,844"
381,"$80,279 ","91311 / 37,769",91311,"37,769"
561,"$69,341 ","95050 / 37,714",95050,"37,714"
22,"$152,721 ","95120 / 37,673",95120,"37,673"
357,"$81,907 ","94061 / 37,667",94061,"37,667"
661,"$63,934 ","93711 / 37,630",93711,"37,630"
385,"$80,163 ","92821 / 37,580",92821,"37,580"
312,"$85,655 ","91001 / 37,481",91001,"37,481"
766,"$59,679 ","92139 / 37,450",92139,"37,450"
1063,"$49,056 ","91763 / 37,432",91763,"37,432"
285,"$88,160 ","92869 / 37,390",92869,"37,390"
351,"$82,313 ","90505 / 37,381",90505,"37,381"
1083,"$48,302 ","91776 / 37,378",91776,"37,378"
951,"$52,564 ","93454 / 37,362",93454,"37,362"
121,"$107,577 ","94611 / 37,225",94611,"37,225"
640,"$64,874 ","95382 / 37,163",95382,"37,163"
1000,"$51,280 ","93245 / 37,062",93245,"37,062"
548,"$70,096 ","95128 / 37,026",95128,"37,026"
1403,"$37,288 ","94606 / 37,001",94606,"37,001"
1491,"$33,357 ","95205 / 36,928",95205,"36,928"
496,"$72,279 ","94401 / 36,838",94401,"36,838"
1061,"$49,087 ","90810 / 36,736",90810,"36,736"
1387,"$37,813 ","90301 / 36,714",90301,"36,714"
877,"$55,710 ","95667 / 36,639",95667,"36,639"
354,"$81,980 ","94954 / 36,624",94954,"36,624"
1135,"$46,073 ","92083 / 36,604",92083,"36,604"
789,"$58,500 ","92706 / 36,585",92706,"36,585"
235,"$92,684 ","92508 / 36,583",92508,"36,583"
245,"$91,882 ","94534 / 36,499",94534,"36,499"
267,"$89,508 ","91711 / 36,484",91711,"36,484"
1110,"$47,177 ","91768 / 36,454",91768,"36,454"
528,"$71,049 ","90036 / 36,425",90036,"36,425"
177,"$99,537 ","93021 / 36,407",93021,"36,407"
299,"$87,100 ","95765 / 36,391",95765,"36,391"
700,"$62,253 ","95062 / 36,358",95062,"36,358"
668,"$63,740 ","91722 / 36,352",91722,"36,352"
214,"$94,697 ","92807 / 36,323",92807,"36,323"
1138,"$45,906 ","95928 / 36,081",95928,"36,081"
420,"$77,361 ","92065 / 36,039",92065,"36,039"
182,"$98,831 ","91326 / 36,024",91326,"36,024"
1337,"$39,481 ","95838 / 35,935",95838,"35,935"
624,"$65,769 ","95691 / 35,929",95691,"35,929"
962,"$52,314 ","92101 / 35,893",92101,"35,893"
1450,"$35,315 ","92240 / 35,878",92240,"35,878"
987,"$51,769 ","90260 / 35,854",90260,"35,854"
659,"$64,034 ","95993 / 35,847",95993,"35,847"
192,"$97,921 ","91350 / 35,826",91350,"35,826"
359,"$81,860 ","95688 / 35,820",95688,"35,820"
97,"$114,603 ","94555 / 35,654",94555,"35,654"
1042,"$49,785 ","93657 / 35,653",93657,"35,653"
490,"$72,465 ","92675 / 35,596",92675,"35,596"
165,"$100,747 ","91362 / 35,564",91362,"35,564"
32,"$142,071 ","90266 / 35,534",90266,"35,534"
861,"$56,219 ","90621 / 35,478",90621,"35,478"
887,"$55,217 ","91340 / 35,455",91340,"35,455"
227,"$93,523 ","93012 / 35,366",93012,"35,366"
822,"$57,333 ","92831 / 35,316",92831,"35,316"
103,"$112,008 ","92660 / 35,308",92660,"35,308"
683,"$63,045 ","91780 / 35,274",91780,"35,274"
67,"$121,948 ","94583 / 35,272",94583,"35,272"
91,"$116,732 ","90049 / 35,262",90049,"35,262"
1046,"$49,594 ","94124 / 35,201",94124,"35,201"
458,"$75,221 ","94952 / 35,081",94952,"35,081"
93,"$114,779 ","94404 / 35,045",94404,"35,045"
452,"$75,411 ","92672 / 35,041",92672,"35,041"
1302,"$40,826 ","94590 / 34,859",94590,"34,859"
1283,"$41,488 ","93405 / 34,833",93405,"34,833"
1406,"$37,207 ","93612 / 34,814",93612,"34,814"
1045,"$49,688 ","95340 / 34,745",95340,"34,745"
1601,"$27,163 ","92543 / 34,680",92543,"34,680"
485,"$72,877 ","95126 / 34,618",95126,"34,618"
812,"$57,654 ","91321 / 34,576",91321,"34,576"
315,"$85,330 ","94115 / 34,556",94115,"34,556"
178,"$99,398 ","90277 / 34,546",90277,"34,546"
1309,"$40,730 ","95820 / 34,529",95820,"34,529"
992,"$51,500 ","92394 / 34,479",92394,"34,479"
1126,"$46,422 ","96001 / 34,469",96001,"34,469"
1357,"$38,777 ","95821 / 34,439",95821,"34,439"
362,"$81,685 ","94523 / 34,428",94523,"34,428"
746,"$60,513 ","93561 / 34,246",93561,"34,246"
498,"$72,255 ","91007 / 34,198",91007,"34,198"
533,"$70,841 ","90601 / 34,143",90601,"34,143"
1587,"$28,406 ","93703 / 34,122",93703,"34,122"
956,"$52,420 ","93955 / 34,084",93955,"34,084"
660,"$63,948 ","92373 / 34,017",92373,"34,017"
430,"$76,912 ","91750 / 33,969",91750,"33,969"
159,"$101,912 ","94040 / 33,958",94040,"33,958"
407,"$78,501 ","91773 / 33,869",91773,"33,869"
83,"$119,924 ","92131 / 33,868",92131,"33,868"
900,"$54,782 ","93060 / 33,836",93060,"33,836"
585,"$67,716 ","93940 / 33,760",93940,"33,760"
1521,"$32,233 ","95341 / 33,744",95341,"33,744"
497,"$72,276 ","90807 / 33,726",90807,"33,726"
973,"$52,077 ","91206 / 33,706",91206,"33,706"
265,"$89,596 ","91355 / 33,635",91355,"33,635"
839,"$56,767 ","91754 / 33,622",91754,"33,622"
853,"$56,541 ","95973 / 33,511",95973,"33,511"
518,"$71,661 ","91941 / 33,474",91941,"33,474"
1205,"$43,657 ","96002 / 33,202",96002,"33,202"
533,"$70,841 ","91791 / 33,174",91791,"33,174"
1136,"$45,953 ","95482 / 33,157",95482,"33,157"
1229,"$42,844 ","93710 / 33,114",93710,"33,114"
473,"$73,786 ","90230 / 33,090",90230,"33,090"
1027,"$50,449 ","92551 / 33,050",92551,"33,050"
1276,"$41,615 ","95660 / 33,014",95660,"33,014"
1437,"$36,180 ","90008 / 33,012",90008,"33,012"
664,"$63,833 ","90606 / 32,978",90606,"32,978"
305,"$86,469 ","92649 / 32,976",92649,"32,976"
691,"$62,533 ","93555 / 32,967",93555,"32,967"
896,"$54,966 ","92116 / 32,943",92116,"32,943"
897,"$54,945 ","93101 / 32,860",93101,"32,860"
1032,"$50,309 ","92260 / 32,855",92260,"32,855"
940,"$53,059 ","92841 / 32,839",92841,"32,839"
1139,"$45,889 ","92311 / 32,831",92311,"32,831"
805,"$57,883 ","91325 / 32,823",91325,"32,823"
26,"$149,538 ","92679 / 32,822",92679,"32,822"
217,"$94,196 ","92881 / 32,817",92881,"32,817"
633,"$65,208 ","95356 / 32,794",95356,"32,794"
1326,"$39,917 ","92220 / 32,793",92220,"32,793"
459,"$75,180 ","90504 / 32,777",90504,"32,777"
1255,"$42,319 ","95901 / 32,742",95901,"32,742"
1525,"$32,067 ","90062 / 32,675",90062,"32,675"
1472,"$34,537 ","92301 / 32,667",92301,"32,667"
813,"$57,652 ","95361 / 32,544",95361,"32,544"
195,"$96,860 ","95377 / 32,453",95377,"32,453"
532,"$70,858 ","91351 / 32,433",91351,"32,433"
334,"$84,021 ","91006 / 32,392",91006,"32,392"
1323,"$40,056 ","90222 / 32,362",90222,"32,362"
897,"$54,945 ","93001 / 32,360",93001,"32,360"
1297,"$40,962 ","94603 / 32,306",94603,"32,306"
49,"$128,802 ","94526 / 32,274",94526,"32,274"
1554,"$30,528 ","94621 / 32,269",94621,"32,269"
65,"$122,970 ","94114 / 32,229",94114,"32,229"
445,"$75,671 ","91423 / 32,130",91423,"32,130"
584,"$67,718 ","95117 / 32,074",95117,"32,074"
409,"$78,175 ","90712 / 32,015",90712,"32,015"
220,"$93,917 ","92883 / 31,940",92883,"31,940"
623,"$65,793 ","92103 / 31,927",92103,"31,927"
610,"$66,607 ","94132 / 31,926",94132,"31,926"
52,"$127,684 ","94588 / 31,910",94588,"31,910"
620,"$66,014 ","93422 / 31,899",93422,"31,899"
916,"$54,003 ","94063 / 31,881",94063,"31,881"
323,"$84,761 ","91107 / 31,828",91107,"31,828"
635,"$65,122 ","95662 / 31,814",95662,"31,814"
1071,"$48,788 ","92316 / 31,720",92316,"31,720"
1047,"$49,567 ","95358 / 31,709",95358,"31,709"
1176,"$44,542 ","95842 / 31,671",95842,"31,671"
250,"$90,984 ","95118 / 31,579",95118,"31,579"
1090,"$47,882 ","93654 / 31,575",93654,"31,575"
1442,"$35,745 ","92173 / 31,518",92173,"31,518"
455,"$75,327 ","90035 / 31,399",90035,"31,399"
607,"$66,711 ","95337 / 31,399",95337,"31,399"
1299,"$40,903 ","95348 / 31,387",95348,"31,387"
1335,"$39,528 ","92583 / 31,167",92583,"31,167"
712,"$61,525 ","92595 / 31,139",92595,"31,139"
416,"$77,679 ","91505 / 31,133",91505,"31,133"
11,"$167,386 ","95070 / 31,093",95070,"31,093"
1399,"$37,382 ","95825 / 31,083",95825,"31,083"
262,"$89,849 ","91214 / 31,078",91214,"31,078"
513,"$71,723 ","94545 / 30,936",94545,"30,936"
1305,"$40,775 ","95966 / 30,916",95966,"30,916"
862,"$56,154 ","94589 / 30,811",94589,"30,811"
507,"$72,025 ","90803 / 30,805",90803,"30,805"
1093,"$47,796 ","90680 / 30,770",90680,"30,770"
1210,"$43,442 ","93662 / 30,700",93662,"30,700"
71,"$121,209 ","94941 / 30,605",94941,"30,605"
848,"$56,632 ","91803 / 30,586",91803,"30,586"
491,"$72,459 ","95661 / 30,559",95661,"30,559"
439,"$76,027 ","93004 / 30,417",93004,"30,417"
135,"$104,557 ","93619 / 30,409",93619,"30,409"
1290,"$41,187 ","90302 / 30,219",90302,"30,219"
374,"$80,625 ","92124 / 30,196",92124,"30,196"
306,"$86,196 ","94903 / 30,110",94903,"30,110"
602,"$66,848 ","91792 / 30,102",91792,"30,102"
613,"$66,506 ","93420 / 30,076",93420,"30,076"
722,"$61,255 ","95632 / 30,064",95632,"30,064"
1568,"$29,492 ","90012 / 30,029",90012,"30,029"
1536,"$31,742 ","90028 / 29,994",90028,"29,994"
419,"$77,416 ","95682 / 29,972",95682,"29,972"
58,"$125,335 ","94070 / 29,879",94070,"29,879"
57,"$125,629 ","92673 / 29,875",92673,"29,875"
564,"$69,148 ","91356 / 29,847",91356,"29,847"
568,"$68,813 ","94602 / 29,794",94602,"29,794"
1586,"$28,447 ","95824 / 29,781",95824,"29,781"
472,"$73,850 ","94610 / 29,734",94610,"29,734"
116,"$108,366 ","95131 / 29,660",95131,"29,660"
371,"$81,093 ","95492 / 29,629",95492,"29,629"
1379,"$38,269 ","93618 / 29,628",93618,"29,628"
965,"$52,274 ","91607 / 29,591",91607,"29,591"
1394,"$37,591 ","92405 / 29,526",92405,"29,526"
769,"$59,502 ","91746 / 29,420",91746,"29,420"
569,"$68,804 ","95472 / 29,408",95472,"29,408"
594,"$67,039 ","92612 / 29,325",92612,"29,325"
526,"$71,177 ","94580 / 29,311",94580,"29,311"
163,"$100,844 ","94043 / 29,280",94043,"29,280"
1355,"$38,856 ","94801 / 29,269",94801,"29,269"
1212,"$43,372 ","95204 / 29,246",95204,"29,246"
509,"$71,911 ","92123 / 29,240",92123,"29,240"
1413,"$36,955 ","91731 / 29,209",91731,"29,209"
540,"$70,721 ","94585 / 29,205",94585,"29,205"
779,"$58,993 ","91324 / 29,178",91324,"29,178"
258,"$90,528 ","91604 / 29,072",91604,"29,072"
106,"$111,098 ","91354 / 29,034",91354,"29,034"
152,"$102,273 ","91384 / 28,949",91384,"28,949"
234,"$92,806 ","92653 / 28,853",92653,"28,853"
906,"$54,565 ","92081 / 28,843",92081,"28,843"
1483,"$33,850 ","90038 / 28,798",90038,"28,798"
866,"$56,049 ","95603 / 28,652",95603,"28,652"
697,"$62,372 ","91752 / 28,649",91752,"28,649"
1470,"$34,566 ","90061 / 28,641",90061,"28,641"
1101,"$47,500 ","96150 / 28,618",96150,"28,618"
399,"$78,756 ","90405 / 28,535",90405,"28,535"
652,"$64,545 ","90041 / 28,439",90041,"28,439"
249,"$91,180 ","92604 / 28,425",92604,"28,425"
300,"$87,095 ","90713 / 28,411",90713,"28,411"
173,"$100,114 ","94131 / 28,370",94131,"28,370"
456,"$75,309 ","95219 / 28,354",95219,"28,354"
35,"$137,344 ","94549 / 28,298",94549,"28,298"
708,"$62,016 ","91316 / 28,190",91316,"28,190"
814,"$57,640 ","91042 / 28,126",91042,"28,126"
1635,"$24,127 ","94102 / 28,013",94102,"28,013"
727,"$60,920 ","92110 / 28,006",92110,"28,006"
945,"$52,906 ","93401 / 27,920",93401,"27,920"
592,"$67,170 ","90039 / 27,843",90039,"27,843"
1133,"$46,187 ","91303 / 27,827",91303,"27,827"
372,"$81,025 ","90291 / 27,803",90291,"27,803"
78,"$120,610 ","94107 / 27,792",94107,"27,792"
776,"$59,099 ","91103 / 27,684",91103,"27,684"
1427,"$36,450 ","90270 / 27,663",90270,"27,663"
939,"$53,150 ","94133 / 27,662",94133,"27,662"
1341,"$39,288 ","96080 / 27,650",96080,"27,650"
905,"$54,630 ","90710 / 27,550",90710,"27,550"
268,"$89,500 ","94510 / 27,515",94510,"27,515"
581,"$68,027 ","92203 / 27,466",92203,"27,466"
1011,"$50,996 ","90249 / 27,451",90249,"27,451"
1271,"$41,982 ","95969 / 27,443",95969,"27,443"
1343,"$39,206 ","93280 / 27,390",93280,"27,390"
491,"$72,459 ","95133 / 27,381",95133,"27,381"
672,"$63,610 ","92868 / 27,353",92868,"27,353"
953,"$52,517 ","91755 / 27,305",91755,"27,305"
314,"$85,361 ","92860 / 27,304",92860,"27,304"
176,"$99,606 ","91915 / 27,290",91915,"27,290"
365,"$81,471 ","95618 / 27,222",95618,"27,222"
1111,"$47,098 ","93960 / 27,212",93960,"27,212"
105,"$111,602 ","94306 / 27,094",94306,"27,094"
794,"$58,363 ","94559 / 27,062",94559,"27,062"
54,"$126,557 ","94062 / 27,014",94062,"27,014"
1124,"$46,441 ","95961 / 26,979",95961,"26,979"
219,"$93,919 ","91364 / 26,975",91364,"26,975"
70,"$121,337 ","94598 / 26,974",94598,"26,974"
344,"$83,038 ","93035 / 26,966",93035,"26,966"
283,"$88,384 ","92629 / 26,955",92629,"26,955"
603,"$66,825 ","92107 / 26,947",92107,"26,947"
1421,"$36,778 ","90304 / 26,936",90304,"26,936"
1067,"$48,912 ","95370 / 26,904",95370,"26,904"
1443,"$35,635 ","93725 / 26,879",93725,"26,879"
1236,"$42,711 ","92227 / 26,818",92227,"26,818"
463,"$75,031 ","90746 / 26,738",90746,"26,738"
1120,"$46,519 ","92262 / 26,693",92262,"26,693"
130,"$105,985 ","94002 / 26,679",94002,"26,679"
1100,"$47,622 ","90602 / 26,676",90602,"26,676"
482,"$73,040 ","94518 / 26,647",94518,"26,647"
621,"$66,000 ","92008 / 26,464",92008,"26,464"
1303,"$40,807 ","90303 / 26,453",90303,"26,453"
111,"$109,913 ","91301 / 26,439",91301,"26,439"
1051,"$49,491 ","93901 / 26,438",93901,"26,438"
1506,"$32,747 ","92411 / 26,364",92411,"26,364"
1549,"$30,997 ","94704 / 26,334",94704,"26,334"
593,"$67,048 ","91740 / 26,324",91740,"26,324"
868,"$55,959 ","94608 / 26,323",94608,"26,323"
508,"$71,939 ","90240 / 26,287",90240,"26,287"
1088,"$48,117 ","91932 / 26,257",91932,"26,257"
655,"$64,355 ","95242 / 26,187",95242,"26,187"
928,"$53,466 ","95363 / 26,087",95363,"26,087"
309,"$85,914 ","92596 / 26,044",92596,"26,044"
205,"$95,975 ","91784 / 26,034",91784,"26,034"
958,"$52,376 ","91945 / 26,027",91945,"26,027"
1080,"$48,461 ","93704 / 26,009",93704,"26,009"
438,"$76,232 ","94803 / 25,998",94803,"25,998"
358,"$81,879 ","94947 / 25,969",94947,"25,969"
375,"$80,479 ","91030 / 25,914",91030,"25,914"
74,"$120,893 ","95032 / 25,898",95032,"25,898"
754,"$60,118 ","91010 / 25,797",91010,"25,797"
302,"$86,573 ","90064 / 25,788",90064,"25,788"
467,"$74,530 ","95829 / 25,786",95829,"25,786"
630,"$65,425 ","95409 / 25,784",95409,"25,784"
1564,"$29,721 ","95815 / 25,772",95815,"25,772"
370,"$81,250 ","91741 / 25,678",91741,"25,678"
204,"$95,984 ","92614 / 25,657",92614,"25,657"
184,"$98,655 ","91307 / 25,597",91307,"25,597"
524,"$71,296 ","91504 / 25,544",91504,"25,544"
72,"$121,200 ","94123 / 25,528",94123,"25,528"
19,"$156,250 ","90274 / 25,482",90274,"25,482"
451,"$75,420 ","91724 / 25,405",91724,"25,405"
326,"$84,620 ","91775 / 25,395",91775,"25,395"
390,"$79,895 ","92120 / 25,365",92120,"25,365"
783,"$58,853 ","92832 / 25,247",92832,"25,247"
759,"$59,965 ","95212 / 25,244",95212,"25,244"
1234,"$42,778 ","95945 / 25,223",95945,"25,223"
1471,"$34,565 ","93212 / 25,204",93212,"25,204"
68,"$121,715 ","91302 / 25,165",91302,"25,165"
495,"$72,366 ","90403 / 25,116",90403,"25,116"
1246,"$42,517 ","92284 / 25,045",92284,"25,045"
369,"$81,308 ","93105 / 24,967",93105,"24,967"
1073,"$48,681 ","95503 / 24,900",95503,"24,900"
502,"$72,192 ","91106 / 24,861",91106,"24,861"
1478,"$34,192 ","94607 / 24,830",94607,"24,830"
185,"$98,407 ","91737 / 24,759",91737,"24,759"
171,"$100,204 ","94547 / 24,622",94547,"24,622"
36,"$137,122 ","92694 / 24,568",92694,"24,568"
818,"$57,557 ","92211 / 24,564",92211,"24,564"
337,"$83,902 ","95003 / 24,383",95003,"24,383"
1434,"$36,254 ","95354 / 24,356",95354,"24,356"
454,"$75,334 ","91403 / 24,353",91403,"24,353"
1082,"$48,345 ","92844 / 24,314",92844,"24,314"
92,"$115,807 ","94402 / 24,306",94402,"24,306"
291,"$87,598 ","94530 / 24,301",94530,"24,301"
922,"$53,677 ","90740 / 24,288",90740,"24,288"
1291,"$41,136 ","95531 / 24,202",95531,"24,202"
1349,"$39,051 ","93610 / 24,151",93610,"24,151"
401,"$78,676 ","94619 / 24,146",94619,"24,146"
1200,"$43,758 ","91411 / 24,146",91411,"24,146"
1401,"$37,316 ","92277 / 24,112",92277,"24,112"
1277,"$41,612 ","94103 / 24,108",94103,"24,108"
777,"$59,056 ","95367 / 24,045",95367,"24,045"
959,"$52,371 ","93041 / 23,998",93041,"23,998"
846,"$56,651 ","95834 / 23,986",95834,"23,986"
237,"$92,489 ","94085 / 23,964",94085,"23,964"
545,"$70,261 ","92119 / 23,926",92119,"23,926"
90,"$116,855 ","95054 / 23,914",95054,"23,914"
157,"$102,030 ","92011 / 23,883",92011,"23,883"
1382,"$38,175 ","95501 / 23,769",95501,"23,769"
1306,"$40,753 ","95215 / 23,764",95215,"23,764"
1655,"$21,009 ","90017 / 23,719",90017,"23,719"
85,"$118,919 ","95746 / 23,715",95746,"23,715"
183,"$98,697 ","92651 / 23,668",92651,"23,668"
137,"$104,149 ","92602 / 23,529",92602,"23,529"
1206,"$43,638 ","92225 / 23,509",92225,"23,509"
17,"$157,938 ","90272 / 23,497",90272,"23,497"
240,"$92,397 ","92835 / 23,378",92835,"23,378"
200,"$96,446 ","93314 / 23,264",93314,"23,264"
681,"$63,111 ","91202 / 23,007",91202,"23,007"
1023,"$50,526 ","91201 / 22,985",91201,"22,985"
1353,"$38,907 ","96007 / 22,942",96007,"22,942"
560,"$69,583 ","95677 / 22,808",95677,"22,808"
301,"$86,967 ","92663 / 22,772",92663,"22,772"
341,"$83,467 ","95864 / 22,698",95864,"22,698"
918,"$53,955 ","93933 / 22,696",93933,"22,696"
254,"$90,876 ","92118 / 22,664",92118,"22,664"
148,"$102,755 ","92782 / 22,583",92782,"22,583"
10,"$167,546 ","94024 / 22,573",94024,"22,573"
484,"$72,913 ","90048 / 22,409",90048,"22,409"
435,"$76,526 ","92251 / 22,348",92251,"22,348"
207,"$95,631 ","90720 / 22,325",90720,"22,325"
260,"$90,228 ","92606 / 22,294",92606,"22,294"
1075,"$48,610 ","92501 / 22,216",92501,"22,216"
244,"$92,006 ","94030 / 22,203",94030,"22,203"
855,"$56,378 ","94609 / 22,059",94609,"22,059"
478,"$73,373 ","90068 / 21,943",90068,"21,943"
907,"$54,527 ","96130 / 21,920",96130,"21,920"
7,"$176,241 ","94506 / 21,896",94506,"21,896"
449,"$75,481 ","94579 / 21,842",94579,"21,842"
666,"$63,750 ","95776 / 21,827",95776,"21,827"
580,"$68,078 ","93907 / 21,812",93907,"21,812"
1449,"$35,429 ","93203 / 21,784",93203,"21,784"
637,"$65,035 ","90404 / 21,641",90404,"21,641"
860,"$56,245 ","90717 / 21,612",90717,"21,612"
663,"$63,871 ","92354 / 21,555",92354,"21,555"
505,"$72,156 ","95405 / 21,516",95405,"21,516"
143,"$103,319 ","90292 / 21,507",90292,"21,507"
33,"$138,750 ","90210 / 21,478",90210,"21,478"
787,"$58,613 ","94703 / 21,421",94703,"21,421"
563,"$69,171 ","92344 / 21,392",92344,"21,392"
50,"$128,654 ","95135 / 21,349",95135,"21,349"
194,"$97,470 ","92618 / 21,345",92618,"21,345"
1033,"$50,290 ","93210 / 21,303",93210,"21,303"
295,"$87,361 ","92532 / 21,260",92532,"21,260"
793,"$58,365 ","91101 / 21,098",91101,"21,098"
616,"$66,291 ","95620 / 21,005",95620,"21,005"
398,"$78,856 ","94596 / 20,778",94596,"20,778"
1508,"$32,711 ","95521 / 20,769",95521,"20,769"
23,"$152,210 ","91011 / 20,671",91011,"20,671"
286,"$88,012 ","94597 / 20,645",94597,"20,645"
641,"$64,843 ","93023 / 20,603",93023,"20,603"
1452,"$35,220 ","95965 / 20,599",95965,"20,599"
279,"$88,797 ","94089 / 20,476",94089,"20,476"
296,"$87,251 ","90603 / 20,475",90603,"20,475"
404,"$78,607 ","90069 / 20,426",90069,"20,426"
96,"$114,608 ","91381 / 20,296",91381,"20,296"
1022,"$50,528 ","95827 / 20,294",95827,"20,294"
647,"$64,701 ","90715 / 20,283",90715,"20,283"
590,"$67,383 ","93103 / 20,271",93103,"20,271"
145,"$103,306 ","91361 / 20,266",91361,"20,266"
361,"$81,746 ","94706 / 20,206",94706,"20,206"
1301,"$40,833 ","93263 / 20,204",93263,"20,204"
76,"$120,686 ","92603 / 20,173",92603,"20,173"
677,"$63,413 ","92585 / 20,148",92585,"20,148"
107,"$110,964 ","92808 / 20,137",92808,"20,137"
798,"$58,272 ","95818 / 20,135",95818,"20,135"
356,"$81,918 ","94503 / 20,116",94503,"20,116"
53,"$126,984 ","92887 / 20,071",92887,"20,071"
535,"$70,830 ","91040 / 20,017",91040,"20,017"
744,"$60,532 ","91723 / 20,010",91723,"20,010"
588,"$67,607 ","94519 / 19,927",94519,"19,927"
693,"$62,500 ","91501 / 19,829",91501,"19,829"
395,"$79,348 ","92082 / 19,825",92082,"19,825"
328,"$84,537 ","90732 / 19,810",90732,"19,810"
1204,"$43,703 ","92264 / 19,754",92264,"19,754"
388,"$80,130 ","92377 / 19,750",92377,"19,750"
5,"$182,750 ","94022 / 19,737",94022,"19,737"
133,"$105,029 ","90254 / 19,725",90254,"19,725"
316,"$85,251 ","92865 / 19,715",92865,"19,715"
131,"$105,659 ","91390 / 19,691",91390,"19,691"
747,"$60,459 ","95949 / 19,640",95949,"19,640"
716,"$61,379 ","93444 / 19,578",93444,"19,578"
355,"$81,973 ","92106 / 19,539",92106,"19,539"
579,"$68,108 ","92029 / 19,528",92029,"19,528"
277,"$88,926 ","91902 / 19,504",91902,"19,504"
1431,"$36,394 ","92586 / 19,384",92586,"19,384"
1375,"$38,464 ","95841 / 19,361",95841,"19,361"
47,"$131,108 ","94127 / 19,356",94127,"19,356"
632,"$65,297 ","92108 / 19,245",92108,"19,245"
571,"$68,693 ","95110 / 19,239",95110,"19,239"
837,"$56,875 ","93560 / 19,189",93560,"19,189"
29,"$145,505 ","95138 / 19,136",95138,"19,136"
1256,"$42,303 ","93630 / 18,990",93630,"18,990"
1595,"$27,890 ","92274 / 18,937",92274,"18,937"
1473,"$34,505 ","93247 / 18,932",93247,"18,932"
890,"$55,111 ","90814 / 18,789",90814,"18,789"
469,"$74,283 ","94564 / 18,704",94564,"18,704"
671,"$63,721 ","95602 / 18,498",95602,"18,498"
1035,"$50,051 ","95519 / 18,496",95519,"18,496"
460,"$75,172 ","96161 / 18,475",96161,"18,475"
1533,"$31,886 ","93241 / 18,474",93241,"18,474"
543,"$70,408 ","91506 / 18,428",91506,"18,428"
141,"$103,378 ","94019 / 18,382",94019,"18,382"
297,"$87,156 ","95819 / 18,374",95819,"18,374"
674,"$63,544 ","91602 / 18,315",91602,"18,315"
13,"$166,147 ","94563 / 18,284",94563,"18,284"
1580,"$28,953 ","90015 / 18,226",90015,"18,226"
751,"$60,148 ","91345 / 18,196",91345,"18,196"
366,"$81,379 ","91901 / 18,184",91901,"18,184"
339,"$83,638 ","94945 / 17,973",94945,"17,973"
402,"$78,640 ","95304 / 17,971",95304,"17,971"
678,"$63,248 ","95330 / 17,702",95330,"17,702"
967,"$52,233 ","93927 / 17,697",93927,"17,697"
60,"$124,814 ","90265 / 17,660",90265,"17,660"
515,"$71,688 ","92270 / 17,634",92270,"17,634"
212,"$94,933 ","93111 / 17,554",93111,"17,554"
970,"$52,154 ","96022 / 17,488",96022,"17,488"
851,"$56,567 ","93015 / 17,423",93015,"17,423"
441,"$75,915 ","93110 / 17,321",93110,"17,321"
272,"$89,026 ","92845 / 17,202",92845,"17,202"
691,"$62,533 ","90502 / 17,135",90502,"17,135"
705,"$62,076 ","95448 / 17,078",95448,"17,078"
780,"$58,913 ","95959 / 17,013",95959,"17,013"
63,"$123,575 ","94618 / 17,007",94618,"17,007"
39,"$134,907 ","94301 / 16,927",94301,"16,927"
108,"$110,343 ","91914 / 16,926",91914,"16,926"
1118,"$46,615 ","93268 / 16,890",93268,"16,890"
767,"$59,628 ","94702 / 16,868",94702,"16,868"
944,"$53,002 ","95816 / 16,845",95816,"16,845"
792,"$58,381 ","93631 / 16,844",93631,"16,844"
1250,"$42,454 ","93930 / 16,843",93930,"16,843"
335,"$84,004 ","90245 / 16,839",90245,"16,839"
785,"$58,659 ","94595 / 16,837",94595,"16,837"
95,"$114,757 ","95134 / 16,811",95134,"16,811"
575,"$68,620 ","92587 / 16,787",92587,"16,787"
457,"$75,300 ","95366 / 16,734",95366,"16,734"
742,"$60,544 ","90701 / 16,698",90701,"16,698"
275,"$88,955 ","91208 / 16,548",91208,"16,548"
470,"$74,009 ","94949 / 16,386",94949,"16,386"
1017,"$50,740 ","95334 / 16,330",95334,"16,330"
1329,"$39,753 ","91204 / 16,292",91204,"16,292"
1422,"$36,737 ","92637 / 16,284",92637,"16,284"
799,"$58,262 ","92582 / 16,200",92582,"16,200"
1328,"$39,756 ","96021 / 16,121",96021,"16,121"
1522,"$32,175 ","93648 / 16,102",93648,"16,102"
117,"$108,295 ","94960 / 15,999",94960,"15,999"
15,"$163,219 ","94507 / 15,973",94507,"15,973"
567,"$68,884 ","93013 / 15,944",93013,"15,944"
1281,"$41,536 ","92617 / 15,805",92617,"15,805"
338,"$83,767 ","90623 / 15,767",90623,"15,767"
1404,"$37,264 ","95203 / 15,711",95203,"15,711"
979,"$51,935 ","90670 / 15,594",90670,"15,594"
41,"$133,088 ","94556 / 15,505",94556,"15,505"
690,"$62,558 ","90305 / 15,501",90305,"15,501"
689,"$62,589 ","92866 / 15,473",92866,"15,473"
1622,"$25,934 ","95422 / 15,453",95422,"15,453"
1079,"$48,470 ","93221 / 15,391",93221,"15,391"
546,"$70,230 ","93950 / 15,365",93950,"15,365"
521,"$71,316 ","90232 / 15,353",90232,"15,353"
1485,"$33,750 ","92408 / 15,318",92408,"15,318"
206,"$95,806 ","92010 / 15,283",92010,"15,283"
42,"$132,826 ","94552 / 15,209",94552,"15,209"
114,"$108,919 ","95066 / 15,095",95066,"15,095"
1336,"$39,485 ","95963 / 15,018",95963,"15,018"
825,"$57,241 ","93402 / 14,880",93402,"14,880"
1013,"$50,854 ","95673 / 14,773",95673,"14,773"
1016,"$50,744 ","92371 / 14,729",92371,"14,729"
1510,"$32,658 ","93728 / 14,711",93728,"14,711"
51,"$128,060 ","91436 / 14,563",91436,"14,563"
180,"$98,990 ","95130 / 14,559",95130,"14,559"
1572,"$29,302 ","93204 / 14,553",93204,"14,553"
89,"$117,326 ","91377 / 14,512",91377,"14,512"
1551,"$30,879 ","94612 / 14,500",94612,"14,500"
483,"$72,939 ","95368 / 14,474",95368,"14,474"
1001,"$51,250 ","93514 / 14,472",93514,"14,472"
1459,"$34,845 ","95817 / 14,472",95817,"14,472"
1239,"$42,677 ","95388 / 14,410",95388,"14,410"
1348,"$39,055 ","90716 / 14,358",90716,"14,358"
104,"$111,833 ","94505 / 14,353",94505,"14,353"
1378,"$38,276 ","95437 / 14,351",95437,"14,351"
618,"$66,079 ","94805 / 14,329",94805,"14,329"
1380,"$38,255 ","95605 / 14,326",95605,"14,326"
696,"$62,384 ","95252 / 14,143",95252,"14,143"
1416,"$36,875 ","94108 / 13,930",94108,"13,930"
1454,"$34,961 ","93250 / 13,925",93250,"13,925"
1171,"$44,724 ","91203 / 13,740",91203,"13,740"
81,"$120,152 ","91108 / 13,613",91108,"13,613"
817,"$57,588 ","93543 / 13,578",93543,"13,578"
278,"$88,810 ","94041 / 13,551",94041,"13,551"
977,"$51,976 ","94305 / 13,538",94305,"13,538"
94,"$114,777 ","92014 / 13,525",92014,"13,525"
20,"$154,107 ","95030 / 13,429",95030,"13,429"
1055,"$49,418 ","93433 / 13,337",93433,"13,337"
808,"$57,731 ","93505 / 13,232",93505,"13,232"
132,"$105,480 ","94502 / 13,192",94502,"13,192"
1240,"$42,655 ","95540 / 13,012",95540,"13,012"
190,"$98,219 ","93923 / 12,954",93923,"12,954"
1390,"$37,692 ","95490 / 12,905",95490,"12,905"
1177,"$44,531 ","90040 / 12,830",90040,"12,830"
199,"$96,537 ","94705 / 12,790",94705,"12,790"
69,"$121,367 ","94517 / 12,781",94517,"12,781"
880,"$55,599 ","95320 / 12,739",95320,"12,739"
1086,"$48,147 ","92055 / 12,725",92055,"12,725"
1317,"$40,208 ","91502 / 12,605",91502,"12,605"
43,"$132,486 ","94920 / 12,583",94920,"12,583"
56,"$125,735 ","92625 / 12,572",92625,"12,572"
1310,"$40,545 ","95954 / 12,535",95954,"12,535"
378,"$80,327 ","94542 / 12,498",94542,"12,498"
255,"$90,833 ","92075 / 12,437",92075,"12,437"
329,"$84,516 ","90212 / 12,415",90212,"12,415"
37,"$136,331 ","94707 / 12,402",94707,"12,402"
1170,"$44,771 ","95315 / 12,381",95315,"12,381"
124,"$107,095 ","95391 / 12,359",95391,"12,359"
99,"$113,826 ","93908 / 12,350",93908,"12,350"
1613,"$26,491 ","92254 / 12,300",92254,"12,300"
153,"$102,237 ","94904 / 12,271",94904,"12,271"
332,"$84,133 ","95650 / 12,255",95650,"12,255"
657,"$64,140 ","92313 / 12,252",92313,"12,252"
1623,"$25,741 ","93640 / 12,140",93640,"12,140"
59,"$125,272 ","93108 / 12,119",93108,"12,119"
1156,"$45,392 ","95451 / 12,035",95451,"12,035"
773,"$59,150 ","94709 / 12,030",94709,"12,030"
327,"$84,588 ","90293 / 11,997",90293,"11,997"
1501,"$32,898 ","93647 / 11,926",93647,"11,926"
462,"$75,160 ","93636 / 11,919",93636,"11,919"
1262,"$42,228 ","95832 / 11,908",95832,"11,908"
73,"$120,984 ","92610 / 11,799",92610,"11,799"
221,"$93,889 ","92007 / 11,782",92007,"11,782"
1264,"$42,213 ","95360 / 11,756",95360,"11,756"
1550,"$30,963 ","93301 / 11,685",93301,"11,685"
44,"$132,462 ","94065 / 11,585",94065,"11,585"
45,"$131,607 ","90402 / 11,503",90402,"11,503"
583,"$67,878 ","90755 / 11,400",90755,"11,400"
115,"$108,882 ","91105 / 11,373",91105,"11,373"
936,"$53,235 ","95357 / 11,353",95357,"11,353"
28,"$145,610 ","94708 / 11,143",94708,"11,143"
263,"$89,715 ","94965 / 11,114",94965,"11,114"
1094,"$47,692 ","95338 / 11,075",95338,"11,075"
256,"$90,780 ","91024 / 11,060",91024,"11,060"
175,"$99,638 ","93109 / 11,031",93109,"11,031"
950,"$52,579 ","93442 / 10,998",93442,"10,998"
1012,"$50,858 ","93614 / 10,865",93614,"10,865"
386,"$80,133 ","95073 / 10,849",95073,"10,849"
1664,"$18,553 ","93701 / 10,788",93701,"10,788"
1520,"$32,273 ","93223 / 10,759",93223,"10,759"
1594,"$27,914 ","93646 / 10,716",93646,"10,716"
821,"$57,400 ","95425 / 10,699",95425,"10,699"
842,"$56,696 ","95640 / 10,681",95640,"10,681"
1128,"$46,392 ","95953 / 10,631",95953,"10,631"
143,"$103,319 ","95119 / 10,595",95119,"10,595"
1654,"$21,120 ","90013 / 10,575",90013,"10,575"
1121,"$46,518 ","92314 / 10,572",92314,"10,572"
974,"$52,015 ","95012 / 10,470",95012,"10,470"
1518,"$32,328 ","92233 / 10,460",92233,"10,460"
1642,"$23,458 ","93219 / 10,378",93219,"10,378"
1180,"$44,423 ","95948 / 10,349",95948,"10,349"
1159,"$45,299 ","95453 / 10,345",95453,"10,345"
276,"$88,929 ","91207 / 10,334",91207,"10,334"
703,"$62,180 ","95946 / 10,206",95946,"10,206"
77,"$120,672 ","93730 / 10,137",93730,"10,137"
1314,"$40,455 ","96019 / 10,129",96019,"10,129"
1490,"$33,373 ","95814 / 10,076",95814,"10,076"
1091,"$47,868 ","95386 / 10,066",95386,"10,066"
1458,"$34,869 ","93620 / 10,028",93620,"10,028"
1278,"$41,579 ","93286 / 9,942",93286,"9,942"
978,"$51,956 ","90248 / 9,936",90248,"9,936"
734,"$60,720 ","95713 / 9,920",95713,"9,920"
614,"$66,483 ","91978 / 9,812",91978,"9,812"
1580,"$28,953 ","96097 / 9,790",96097,"9,790"
136,"$104,167 ","95742 / 9,780",95742,"9,780"
14,"$163,486 ","92657 / 9,751",92657,"9,751"
1523,"$32,125 ","93622 / 9,747",93622,"9,747"
343,"$83,194 ","93465 / 9,652",93465,"9,652"
570,"$68,701 ","94572 / 9,648",94572,"9,648"
55,"$126,397 ","95033 / 9,628",95033,"9,628"
788,"$58,517 ","95694 / 9,574",95694,"9,574"
912,"$54,366 ","95326 / 9,487",95326,"9,487"
102,"$113,279 ","94925 / 9,478",94925,"9,478"
892,"$55,069 ","92567 / 9,469",92567,"9,469"
634,"$65,156 ","93546 / 9,408",93546,"9,408"
873,"$55,833 ","95010 / 9,367",95010,"9,367"
360,"$81,788 ","94574 / 9,300",94574,"9,300"
565,"$69,055 ","93723 / 9,271",93723,"9,271"
586,"$67,652 ","91020 / 9,249",91020,"9,249"
1339,"$39,409 ","92252 / 9,228",92252,"9,228"
1039,"$49,928 ","92310 / 9,191",92310,"9,191"
447,"$75,510 ","95006 / 9,162",95006,"9,162"
1457,"$34,896 ","92241 / 9,156",92241,"9,156"
1149,"$45,568 ","92655 / 9,139",92655,"9,139"
1010,"$51,044 ","93926 / 9,128",93926,"9,128"
82,"$119,939 ","92067 / 9,020",92067,"9,020"
1081,"$48,443 ","95988 / 8,913",95988,"8,913"
233,"$93,049 ","94930 / 8,756",94930,"8,756"
1308,"$40,732 ","95322 / 8,727",95322,"8,727"
1168,"$44,902 ","95327 / 8,679",95327,"8,679"
649,"$64,625 ","94931 / 8,570",94931,"8,570"
867,"$55,996 ","95726 / 8,566",95726,"8,566"
1219,"$43,264 ","92250 / 8,461",92250,"8,461"
232,"$93,092 ","91935 / 8,426",91935,"8,426"
743,"$60,536 ","95064 / 8,425",95064,"8,425"
432,"$76,688 ","90056 / 8,380",90056,"8,380"
308,"$86,031 ","95065 / 8,331",95065,"8,331"
8,"$172,443 ","90077 / 8,328",90077,"8,328"
1106,"$47,394 ","92325 / 8,318",92325,"8,318"
920,"$53,807 ","92359 / 8,298",92359,"8,298"
711,"$61,563 ","94571 / 8,171",94571,"8,171"
605,"$66,771 ","93463 / 8,132",93463,"8,132"
1265,"$42,212 ","92320 / 8,097",92320,"8,097"
551,"$69,942 ","90211 / 8,080",90211,"8,080"
1194,"$43,917 ","92276 / 7,921",92276,"7,921"
1123,"$46,453 ","95932 / 7,808",95932,"7,808"
589,"$67,500 ","93449 / 7,789",93449,"7,789"
999,"$51,286 ","95324 / 7,733",95324,"7,733"
504,"$72,161 ","95018 / 7,660",95018,"7,660"
728,"$60,899 ","95220 / 7,501",95220,"7,501"
1187,"$44,223 ","93644 / 7,434",93644,"7,434"
1374,"$38,491 ","95019 / 7,374",95019,"7,374"
702,"$62,182 ","94515 / 7,314",94515,"7,314"
271,"$89,403 ","93510 / 7,289",93510,"7,289"
1,"$236,912 ","94027 / 7,230",94027,"7,230"
1152,"$45,485 ","93656 / 7,194",93656,"7,194"
1163,"$45,191 ","93434 / 7,178",93434,"7,178"
1038,"$50,000 ","93445 / 7,168",93445,"7,168"
942,"$53,054 ","92249 / 7,147",92249,"7,147"
1391,"$37,672 ","95811 / 7,131",95811,"7,131"
477,"$73,433 ","93022 / 7,069",93022,"7,069"
1260,"$42,250 ","93625 / 7,068",93625,"7,068"
731,"$60,802 ","90401 / 7,035",90401,"7,035"
1338,"$39,464 ","92548 / 7,020",92548,"7,020"
1130,"$46,318 ","96067 / 6,994",96067,"6,994"
1495,"$33,162 ","93267 / 6,962",93267,"6,962"
223,"$93,750 ","94939 / 6,935",94939,"6,935"
125,"$106,750 ","90290 / 6,902",90290,"6,902"
1571,"$29,304 ","93234 / 6,896",93234,"6,896"
784,"$58,810 ","95470 / 6,874",95470,"6,874"
489,"$72,479 ","92352 / 6,783",92352,"6,783"
587,"$67,639 ","95316 / 6,733",95316,"6,733"
6,"$180,174 ","94028 / 6,720",94028,"6,720"
1667,"$17,134 ","90014 / 6,659",90014,"6,659"
186,"$98,400 ","95139 / 6,632",95139,"6,632"
1192,"$43,981 ","95642 / 6,619",95642,"6,619"
552,"$69,872 ","95005 / 6,615",95005,"6,615"
1327,"$39,880 ","93591 / 6,558",93591,"6,558"
172,"$100,139 ","95683 / 6,555",95683,"6,555"
745,"$60,523 ","90650 / 106,521",90650,"6,521"
520,"$71,469 ","92624 / 6,450",92624,"6,450"
726,"$60,952 ","94710 / 6,439",94710,"6,439"
1274,"$41,772 ","96094 / 6,370",96094,"6,370"
676,"$63,514 ","93428 / 6,348",93428,"6,348"
740,"$60,579 ","95626 / 6,335",95626,"6,335"
1682,"$11,922 ","93721 / 6,308",93721,"6,308"
118,"$108,205 ","95046 / 6,303",95046,"6,303"
604,"$66,775 ","92342 / 6,303",92342,"6,303"
1488,"$33,582 ","92356 / 6,293",92356,"6,293"
9,"$170,656 ","94105 / 6,282",94105,"6,282"
673,"$63,604 ","95658 / 6,261",95658,"6,261"
626,"$65,706 ","95467 / 6,168",95467,"6,168"
203,"$96,010 ","90094 / 6,062",90094,"6,062"
1599,"$27,361 ","93256 / 6,035",93256,"6,035"
883,"$55,355 ","95987 / 5,979",95987,"5,979"
242,"$92,137 ","93924 / 5,967",93924,"5,967"
397,"$79,121 ","95693 / 5,943",95693,"5,943"
1224,"$43,036 ","92372 / 5,929",92372,"5,929"
1627,"$25,327 ","93615 / 5,923",93615,"5,923"
24,"$150,864 ","92861 / 5,911",92861,"5,911"
662,"$63,901 ","95631 / 5,910",95631,"5,910"
1216,"$43,322 ","93609 / 5,843",93609,"5,843"
984,"$51,869 ","95971 / 5,798",95971,"5,798"
1619,"$26,054 ","93240 / 5,667",93240,"5,667"
933,"$53,368 ","95436 / 5,582",95436,"5,582"
1188,"$44,111 ","93225 / 5,572",93225,"5,572"
934,"$53,281 ","95666 / 5,533",95666,"5,533"
340,"$83,542 ","94158 / 5,530",94158,"5,530"
1596,"$27,807 ","93270 / 5,519",93270,"5,519"
1673,"$15,023 ","95202 / 5,409",95202,"5,409"
1509,"$32,710 ","92363 / 5,355",92363,"5,355"
685,"$62,969 ","93427 / 5,279",93427,"5,279"
1296,"$41,016 ","96101 / 5,260",96101,"5,260"
1502,"$32,897 ","93501 / 5,258",93501,"5,258"
1289,"$41,202 ","92315 / 5,236",92315,"5,236"
980,"$51,927 ","95222 / 5,228",95222,"5,228"
238,"$92,464 ","95672 / 5,166",95672,"5,166"
601,"$66,875 ","92382 / 5,161",92382,"5,161"
1438,"$36,167 ","95231 / 4,961",95231,"4,961"
542,"$70,417 ","95709 / 4,953",95709,"4,953"
246,"$91,737 ","93460 / 4,944",93460,"4,944"
735,"$60,660 ","95619 / 4,937",95619,"4,937"
1066,"$48,940 ","95665 / 4,862",95665,"4,862"
342,"$83,269 ","92210 / 4,839",92210,"4,839"
139,"$103,598 ","92121 / 4,832",92121,"4,832"
230,"$93,389 ","94951 / 4,812",94951,"4,812"
707,"$62,043 ","95692 / 4,812",95692,"4,812"
1519,"$32,319 ","95365 / 4,796",95365,"4,796"
1241,"$42,627 ","96064 / 4,762",96064,"4,762"
1292,"$41,103 ","95328 / 4,717",95328,"4,717"
1084,"$48,287 ","95247 / 4,689",95247,"4,689"
1617,"$26,223 ","93660 / 4,621",93660,"4,621"
917,"$54,000 ","92397 / 4,616",92397,"4,616"
288,"$87,738 ","95655 / 4,592",95655,"4,592"
151,"$102,396 ","93953 / 4,578",93953,"4,578"
723,"$61,250 ","95228 / 4,576",95228,"4,576"
1015,"$50,764 ","95912 / 4,550",95912,"4,550"
931,"$53,389 ","94535 / 4,543",94535,"4,543"
437,"$76,389 ","95722 / 4,524",95722,"4,524"
368,"$81,328 ","96073 / 4,502",96073,"4,502"
129,"$106,333 ","94964 / 4,478",94964,"4,478"
383,"$80,233 ","94005 / 4,421",94005,"4,421"
1208,"$43,564 ","95446 / 4,419",95446,"4,419"
1455,"$34,945 ","96122 / 4,382",96122,"4,382"
871,"$55,878 ","95623 / 4,317",95623,"4,317"
562,"$69,205 ","92003 / 4,306",92003,"4,306"
252,"$90,903 ","95614 / 4,283",95614,"4,283"
737,"$60,648 ","95685 / 4,278",95685,"4,278"
774,"$59,125 ","93602 / 4,207",93602,"4,207"
914,"$54,205 ","93451 / 4,187",93451,"4,187"
764,"$59,728 ","92278 / 4,156",92278,"4,156"
494,"$72,411 ","94508 / 4,118",94508,"4,118"
1103,"$47,440 ","96088 / 4,099",96088,"4,099"
1307,"$40,747 ","96055 / 4,097",96055,"4,097"
1503,"$32,783 ","93235 / 4,044",93235,"4,044"
1174,"$44,554 ","96093 / 4,006",96093,"4,006"
493,"$72,452 ","95258 / 3,973",95258,"3,973"
885,"$55,250 ","95045 / 3,969",95045,"3,969"
870,"$55,882 ","90704 / 3,952",90704,"3,952"
732,"$60,750 ","95938 / 3,936",95938,"3,936"
1356,"$38,853 ","92539 / 3,890",92539,"3,890"
591,"$67,188 ","95004 / 3,886",95004,"3,886"
1384,"$38,089 ","96013 / 3,881",96013,"3,881"
1316,"$40,340 ","96143 / 3,855",96143,"3,855"
1054,"$49,423 ","92590 / 3,841",92590,"3,841"
899,"$54,792 ","95379 / 3,837",95379,"3,837"
434,"$76,542 ","95236 / 3,829",95236,"3,829"
1286,"$41,458 ","95249 / 3,796",95249,"3,796"
1108,"$47,308 ","90010 / 3,792",90010,"3,792"
1534,"$31,818 ","93650 / 3,767",93650,"3,767"
1257,"$42,299 ","95383 / 3,728",95383,"3,728"
158,"$101,932 ","94304 / 3,688",94304,"3,688"
1535,"$31,771 ","93252 / 3,665",93252,"3,665"
796,"$58,353 ","91906 / 3,644",91906,"3,644"
1527,"$32,045 ","92256 / 3,631",92256,"3,631"
1065,"$48,950 ","96137 / 3,606",96137,"3,606"
1189,"$44,028 ","96035 / 3,604",96035,"3,604"
1178,"$44,500 ","95917 / 3,508",95917,"3,508"
811,"$57,664 ","95627 / 3,498",95627,"3,498"
991,"$51,520 ","93453 / 3,486",93453,"3,486"
1364,"$38,733 ","93202 / 3,486",93202,"3,486"
140,"$103,472 ","94111 / 3,477",94111,"3,477"
719,"$61,308 ","93437 / 3,464",93437,"3,464"
1137,"$45,947 ","95321 / 3,461",95321,"3,461"
86,"$118,750 ","91708 / 3,447",91708,"3,447"
1473,"$34,505 ","93272 / 3,438",93272,"3,438"
364,"$81,622 ","94038 / 3,435",94038,"3,435"
1318,"$40,181 ","95562 / 3,435",95562,"3,435"
1614,"$26,281 ","95546 / 3,434",95546,"3,434"
929,"$53,456 ","93523 / 3,378",93523,"3,378"
30,"$144,886 ","94129 / 3,334",94129,"3,334"
1656,"$20,980 ","95458 / 3,334",95458,"3,334"
1231,"$42,829 ","95457 / 3,331",95457,"3,331"
1684,"$10,625 ","90089 / 3,326",90089,"3,326"
971,"$52,143 ","95461 / 3,318",95461,"3,318"
557,"$69,688 ","96114 / 3,315",96114,"3,315"
1322,"$40,079 ","92230 / 3,297",92230,"3,297"
665,"$63,816 ","95982 / 3,251",95982,"3,251"
1578,"$29,005 ","93261 / 3,248",93261,"3,248"
530,"$70,938 ","95633 / 3,247",95633,"3,247"
1321,"$40,109 ","93242 / 3,230",93242,"3,230"
566,"$68,887 ","96145 / 3,215",96145,"3,215"
617,"$66,136 ","94599 / 3,187",94599,"3,187"
453,"$75,380 ","93066 / 3,179",93066,"3,179"
701,"$62,230 ","93921 / 3,164",93921,"3,164"
646,"$64,712 ","95442 / 3,154",95442,"3,154"
231,"$93,099 ","92661 / 3,152",92661,"3,152"
363,"$81,667 ","94525 / 3,151",94525,"3,151"
761,"$59,844 ","95634 / 3,143",95634,"3,143"
1385,"$38,077 ","94130 / 3,083",94130,"3,083"
1034,"$50,227 ","95536 / 3,078",95536,"3,078"
1253,"$42,366 ","95333 / 3,064",95333,"3,064"
706,"$62,056 ","95223 / 3,042",95223,"3,042"
1598,"$27,379 ","95423 / 3,040",95423,"3,040"
347,"$82,857 ","92662 / 3,018",92662,"3,018"
1408,"$37,150 ","92391 / 3,001",92391,"3,001"
1119,"$46,575 ","95237 / 2,999",95237,"2,999"
963,"$52,292 ","95684 / 2,980",95684,"2,980"
989,"$51,667 ","92036 / 2,977",92036,"2,977"
61,"$124,712 ","92823 / 2,960",92823,"2,960"
1395,"$37,500 ","95951 / 2,948",95951,"2,948"
1561,"$29,889 ","90011 / 102,926",90011,"2,926"
1679,"$12,748 ","90021 / 2,913",90021,"2,913"
739,"$60,587 ","93265 / 2,892",93265,"2,892"
27,"$147,568 ","94037 / 2,880",94037,"2,880"
682,"$63,105 ","93675 / 2,808",93675,"2,808"
1606,"$26,827 ","96041 / 2,795",96041,"2,795"
1190,"$44,010 ","92536 / 2,750",92536,"2,750"
1671,"$15,988 ","90058 / 2,748",90058,"2,748"
961,"$52,329 ","93430 / 2,735",93430,"2,735"
1569,"$29,362 ","92285 / 2,731",92285,"2,731"
40,"$133,333 ","95053 / 2,730",95053,"2,730"
1074,"$48,617 ","93643 / 2,724",93643,"2,724"
1444,"$35,634 ","95542 / 2,718",95542,"2,718"
1500,"$33,011 ","93249 / 2,698",93249,"2,698"
653,"$64,479 ","95669 / 2,676",95669,"2,676"
800,"$58,191 ","95329 / 2,654",95329,"2,654"
738,"$60,625 ","92549 / 2,652",92549,"2,652"
1426,"$36,500 ","92004 / 2,624",92004,"2,624"
1412,"$37,013 ","90201 / 102,515",90201,"2,515"
1565,"$29,708 ","95485 / 2,508",95485,"2,508"
1405,"$37,235 ","96134 / 2,506",96134,"2,506"
1504,"$32,782 ","95428 / 2,491",95428,"2,491"
62,"$124,375 ","95663 / 2,485",95663,"2,485"
1211,"$43,430 ","96027 / 2,462",96027,"2,462"
715,"$61,466 ","93601 / 2,457",93601,"2,457"
901,"$54,769 ","93532 / 2,419",93532,"2,419"
997,"$51,345 ","91331 / 102,367",91331,"2,367"
268,"$89,500 ","90067 / 2,364",90067,"2,364"
1099,"$47,625 ","96032 / 2,339",96032,"2,339"
1052,"$49,470 ","95460 / 2,338",95460,"2,338"
1567,"$29,511 ","92283 / 2,334",92283,"2,334"
573,"$68,636 ","95465 / 2,328",95465,"2,328"
1562,"$29,848 ","93283 / 2,313",93283,"2,313"
1098,"$47,644 ","96113 / 2,294",96113,"2,294"
1658,"$20,896 ","93258 / 2,292",93258,"2,292"
1195,"$43,913 ","93271 / 2,278",93271,"2,278"
1553,"$30,708 ","93516 / 2,271",93516,"2,271"
1251,"$42,433 ","96020 / 2,246",96020,"2,246"
1546,"$31,144 ","93285 / 2,218",93285,"2,218"
1609,"$26,667 ","95464 / 2,208",95464,"2,208"
1283,"$41,488 ","93206 / 2,196",93206,"2,196"
1419,"$36,845 ","94511 / 2,158",94511,"2,158"
1436,"$36,196 ","95454 / 2,135",95454,"2,135"
1541,"$31,250 ","93616 / 2,126",93616,"2,126"
1244,"$42,576 ","95645 / 2,110",95645,"2,110"
1668,"$16,649 ","92401 / 2,104",92401,"2,104"
1507,"$32,721 ","96025 / 2,102",96025,"2,102"
1531,"$31,912 ","93545 / 2,099",93545,"2,099"
932,"$53,385 ","93667 / 2,089",93667,"2,089"
1024,"$50,500 ","95570 / 2,083",95570,"2,083"
1243,"$42,614 ","95311 / 2,073",95311,"2,073"
802,"$57,969 ","95975 / 2,072",95975,"2,072"
1659,"$20,349 ","93205 / 2,065",93205,"2,065"
695,"$62,424 ","95245 / 2,064",95245,"2,064"
248,"$91,518 ","95638 / 2,047",95638,"2,047"
1140,"$45,877 ","93040 / 2,037",93040,"2,037"
324,"$84,750 ","92676 / 2,033",92676,"2,033"
1424,"$36,678 ","95255 / 1,991",95255,"1,991"
768,"$59,545 ","95441 / 1,989",95441,"1,989"
1089,"$48,063 ","93553 / 1,975",93553,"1,975"
394,"$79,457 ","95372 / 1,969",95372,"1,969"
2,"$228,587 ","92145 / 1,968",92145,"1,968"
1049,"$49,545 ","95469 / 1,960",95469,"1,960"
1526,"$32,054 ","92281 / 1,960",92281,"1,960"
889,"$55,169 ","92365 / 1,953",92365,"1,953"
717,"$61,319 ","93239 / 1,950",93239,"1,950"
1460,"$34,783 ","92386 / 1,949",92386,"1,949"
1395,"$37,500 ","95310 / 1,934",95310,"1,934"
863,"$56,101 ","95690 / 1,932",95690,"1,932"
972,"$52,123 ","93527 / 1,914",93527,"1,914"
553,"$69,760 ","95524 / 1,902",95524,"1,902"
1077,"$48,500 ","95977 / 1,887",95977,"1,887"
1425,"$36,563 ","95567 / 1,854",95567,"1,854"
1191,"$44,000 ","95374 / 1,847",95374,"1,847"
280,"$88,750 ","94973 / 1,831",94973,"1,831"
1144,"$45,729 ","95551 / 1,826",95551,"1,826"
577,"$68,333 ","92061 / 1,824",92061,"1,824"
418,"$77,583 ","95918 / 1,805",95918,"1,805"
1556,"$30,478 ","93562 / 1,781",93562,"1,781"
1494,"$33,173 ","95903 / 1,772",95903,"1,772"
1665,"$18,220 ","92257 / 1,757",92257,"1,757"
1359,"$38,750 ","95641 / 1,732",95641,"1,732"
167,"$100,398 ","91962 / 1,722",91962,"1,722"
733,"$60,724 ","93243 / 1,720",93243,"1,720"
1359,"$38,750 ","94956 / 1,687",94956,"1,687"
1150,"$45,551 ","93222 / 1,681",93222,"1,681"
757,"$60,000 ","93925 / 1,672",93925,"1,672"
1087,"$48,142 ","95525 / 1,668",95525,"1,668"
1475,"$34,500 ","95947 / 1,663",95947,"1,663"
763,"$59,738 ","93461 / 1,661",93461,"1,661"
480,"$73,333 ","95002 / 1,660",95002,"1,660"
606,"$66,750 ","95426 / 1,659",95426,"1,659"
1512,"$32,634 ","96052 / 1,652",96052,"1,652"
756,"$60,089 ","94060 / 1,650",94060,"1,650"
1304,"$40,781 ","96028 / 1,633",96028,"1,633"
403,"$78,630 ","92561 / 1,600",92561,"1,600"
1468,"$34,643 ","95415 / 1,591",95415,"1,591"
1186,"$44,250 ","96118 / 1,590",96118,"1,590"
1092,"$47,833 ","93513 / 1,584",93513,"1,584"
1400,"$37,321 ","95449 / 1,583",95449,"1,583"
1629,"$24,814 ","95319 / 1,581",95319,"1,581"
720,"$61,296 ","91916 / 1,580",91916,"1,580"
801,"$58,012 ","93238 / 1,575",93238,"1,575"
261,"$90,179 ","93651 / 1,569",93651,"1,569"
555,"$69,702 ","92347 / 1,554",92347,"1,554"
1237,"$42,708 ","95039 / 1,545",95039,"1,545"
1044,"$49,708 ","95346 / 1,541",95346,"1,541"
797,"$58,289 ","95421 / 1,537",95421,"1,537"
1141,"$45,871 ","95919 / 1,529",95919,"1,529"
833,"$57,014 ","93426 / 1,522",93426,"1,522"
1435,"$36,201 ","95445 / 1,522",95445,"1,522"
241,"$92,356 ","94020 / 1,483",94020,"1,483"
1179,"$44,464 ","95681 / 1,475",95681,"1,475"
680,"$63,112 ","93440 / 1,472",93440,"1,472"
1636,"$24,122 ","93266 / 1,465",93266,"1,465"
1618,"$26,058 ","95548 / 1,459",95548,"1,459"
615,"$66,417 ","92059 / 1,450",92059,"1,450"
1498,"$33,100 ","95968 / 1,438",95968,"1,438"
475,"$73,621 ","94924 / 1,434",94924,"1,434"
216,"$94,318 ","92091 / 1,433",92091,"1,433"
1445,"$35,607 ","95573 / 1,433",95573,"1,433"
1662,"$19,375 ","92275 / 1,413",92275,"1,413"
1184,"$44,348 ","96056 / 1,407",96056,"1,407"
1113,"$47,031 ","95955 / 1,384",95955,"1,384"
1560,"$29,913 ","95560 / 1,374",95560,"1,374"
670,"$63,722 ","91905 / 1,370",91905,"1,370"
1487,"$33,600 ","93624 / 1,359",93624,"1,359"
748,"$60,268 ","96103 / 1,357",96103,"1,357"
1134,"$46,121 ","93653 / 1,357",93653,"1,357"
864,"$56,081 ","95547 / 1,347",95547,"1,347"
1552,"$30,710 ","96023 / 1,339",96023,"1,339"
1489,"$33,375 ","92086 / 1,335",92086,"1,335"
1372,"$38,500 ","96057 / 1,332",96057,"1,332"
411,"$78,114 ","95452 / 1,314",95452,"1,314"
1148,"$45,588 ","95389 / 1,312",95389,"1,312"
1368,"$38,636 ","95916 / 1,291",95916,"1,291"
762,"$59,832 ","95962 / 1,285",95962,"1,285"
1174,"$44,554 ","95528 / 1,273",95528,"1,273"
1346,"$39,110 ","95246 / 1,258",95246,"1,258"
714,"$61,488 ","96062 / 1,253",96062,"1,253"
650,"$64,612 ","92321 / 1,244",92321,"1,244"
1609,"$26,667 ","92242 / 1,235",92242,"1,235"
1605,"$26,852 ","92273 / 1,228",92273,"1,228"
1217,"$43,295 ","95589 / 1,226",95589,"1,226"
1410,"$37,083 ","95462 / 1,216",95462,"1,216"
1367,"$38,665 ","93668 / 1,215",93668,"1,215"
1583,"$28,750 ","96039 / 1,206",96039,"1,206"
1446,"$35,603 ","92327 / 1,202",92327,"1,202"
208,"$95,625 ","93441 / 1,195",93441,"1,195"
1215,"$43,333 ","92070 / 1,193",92070,"1,193"
1182,"$44,412 ","95468 / 1,192",95468,"1,192"
976,"$51,992 ","94514 / 1,174",94514,"1,174"
1287,"$41,393 ","95553 / 1,173",95553,"1,173"
1593,"$27,938 ","93201 / 1,173",93201,"1,173"
666,"$63,750 ","92398 / 1,165",92398,"1,165"
713,"$61,500 ","95113 / 1,163",95113,"1,163"
1173,"$44,583 ","96024 / 1,163",96024,"1,163"
188,"$98,315 ","91008 / 1,149",91008,"1,149"
396,"$79,327 ","95664 / 1,135",95664,"1,135"
854,"$56,394 ","95937 / 1,133",95937,"1,133"
578,"$68,261 ","92518 / 1,129",92518,"1,129"
930,"$53,419 ","96008 / 1,128",96008,"1,128"
529,"$71,000 ","92358 / 1,127",92358,"1,127"
501,"$72,204 ","96140 / 1,126",96140,"1,126"
1160,"$45,268 ","96051 / 1,110",96051,"1,110"
1273,"$41,888 ","95942 / 1,098",95942,"1,098"
915,"$54,034 ","95565 / 1,092",95565,"1,092"
724,"$61,157 ","96120 / 1,091",96120,"1,091"
778,"$59,028 ","95615 / 1,090",95615,"1,090"
964,"$52,279 ","96107 / 1,077",96107,"1,077"
517,"$71,667 ","94933 / 1,069",94933,"1,069"
554,"$69,750 ","95703 / 1,065",95703,"1,065"
1496,"$33,125 ","92368 / 1,064",92368,"1,064"
4,"$187,857 ","94957 / 1,063",94957,"1,063"
938,"$53,194 ","95612 / 1,045",95612,"1,045"
1331,"$39,622 ","91963 / 1,043",91963,"1,043"
1388,"$37,727 ","96044 / 1,040",96044,"1,040"
1499,"$33,036 ","95317 / 1,033",95317,"1,033"
1169,"$44,792 ","95303 / 1,019",95303,"1,019"
1116,"$46,667 ","95652 / 1,010",95652,"1,010"
1637,"$24,118 ","93218 / 1,009",93218,"1,009"
1448,"$35,476 ","95313 / 1,006",95313,"1,006"
1245,"$42,545 ","95629 / 1,002",95629,"1,002"
882,"$55,500 ",95323 / 998,95323,998
1164,"$45,147 ",92339 / 997,92339,997
1592,"$28,005 ",93518 / 986,93518,986
318,"$85,000 ",94586 / 984,94586,984
771,"$59,375 ",95497 / 983,95497,983
1076,"$48,510 ",95369 / 977,95369,977
1479,"$34,191 ",96048 / 977,96048,977
1573,"$29,250 ",95960 / 974,95960,974
981,"$51,921 ",94937 / 970,94937,970
1538,"$31,438 ",95686 / 965,95686,965
1342,"$39,219 ",95306 / 952,95306,952
975,"$52,000 ",93544 / 951,93544,951
380,"$80,288 ",93962 / 939,93962,939
179,"$99,167 ",95227 / 938,95227,938
466,"$74,583 ",95674 / 922,95674,922
1420,"$36,838 ",92309 / 916,92309,916
16,"$162,328 ",94528 / 915,94528,915
1024,"$50,500 ",95466 / 913,95466,913
1407,"$37,188 ",92322 / 911,92322,911
1377,"$38,359 ",93673 / 910,93673,910
837,"$56,875 ",95689 / 904,95689,904
600,"$66,932 ",91917 / 896,91917,896
1389,"$37,703 ",95410 / 886,95410,886
202,"$96,281 ",94938 / 884,94938,884
1433,"$36,310 ",96069 / 880,96069,880
406,"$78,558 ",95251 / 874,95251,874
1026,"$50,455 ",93604 / 874,93604,874
1115,"$46,827 ",95635 / 870,95635,870
849,"$56,607 ",95549 / 869,95549,869
416,"$77,679 ",93424 / 853,93424,853
274,"$88,971 ",90742 / 842,90742,842
810,"$57,670 ",93920 / 839,93920,839
935,"$53,250 ",96146 / 823,96146,823
781,"$58,889 ",96096 / 814,96096,814
1269,"$42,083 ",93450 / 814,93450,814
1634,"$24,205 ",96015 / 814,96015,814
1603,"$26,958 ",93626 / 813,93626,813
982,"$51,908 ",95943 / 805,95943,805
925,"$53,571 ",93432 / 798,93432,798
752,"$60,139 ",93517 / 796,93517,796
1480,"$34,063 ",92282 / 783,92282,783
946,"$52,841 ",96148 / 781,96148,781
908,"$54,444 ",95659 / 775,95659,775
1625,"$25,662 ",96047 / 775,96047,775
488,"$72,607 ",95444 / 774,95444,774
791,"$58,438 ",95957 / 773,95957,773
858,"$56,250 ",95636 / 771,95636,771
1585,"$28,472 ",95387 / 768,95387,768
858,"$56,250 ",95830 / 762,95830,762
538,"$70,781 ",96128 / 758,96128,758
622,"$65,938 ",95668 / 752,95668,752
1548,"$31,058 ",96058 / 752,96058,752
421,"$77,305 ",94923 / 736,94923,736
1228,"$42,857 ",96142 / 731,96142,731
1566,"$29,659 ",96109 / 731,96109,731
786,"$58,643 ",94567 / 730,94567,730
25,"$149,821 ",95007 / 727,95007,727
1547,"$31,111 ",93608 / 725,93608,725
1258,"$42,273 ",95950 / 724,95950,724
1461,"$34,769 ",93452 / 721,93452,721
946,"$52,841 ",95701 / 718,95701,718
1001,"$51,250 ",93526 / 714,93526,714
1428,"$36,447 ",96059 / 711,96059,711
198,"$96,563 ",93664 / 703,93664,703
1505,"$32,750 ",93254 / 700,93254,700
443,"$75,750 ",95637 / 694,95637,694
1101,"$47,500 ",95979 / 685,95979,685
1633,"$24,276 ",93666 / 683,93666,683
101,"$113,281 ",94946 / 682,94946,682
506,"$72,120 ",95254 / 682,95254,682
827,"$57,212 ",96141 / 669,96141,669
1070,"$48,839 ",95556 / 655,95556,655
595,"$67,031 ",95017 / 654,95017,654
120,"$107,660 ",94592 / 651,94592,651
921,"$53,750 ",93541 / 651,93541,651
442,"$75,862 ",93067 / 641,93067,641
1381,"$38,229 ",92333 / 640,92333,640
693,"$62,500 ",95043 / 636,95043,636
1131,"$46,250 ",95230 / 635,95230,635
3,"$200,325 ",91980 / 631,91980,631
18,"$157,879 ",91210 / 614,91210,614
1493,"$33,309 ",95335 / 613,95335,613
1484,"$33,813 ",93665 / 612,93665,612
1272,"$41,964 ",92268 / 605,92268,605
1670,"$16,154 ",93606 / 604,93606,604
147,"$102,872 ",95318 / 601,95318,601
1359,"$38,750 ",95456 / 600,95456,600
1354,"$38,889 ",96038 / 599,96038,599
1577,"$29,030 ",93255 / 598,93255,598
1207,"$43,594 ",95459 / 596,95459,596
1630,"$24,722 ",95922 / 595,95922,595
1397,"$37,461 ",95935 / 594,95935,594
1028,"$50,446 ",95233 / 591,95233,591
1019,"$50,595 ",93529 / 589,93529,589
1469,"$34,583 ",95552 / 587,95552,587
1530,"$31,917 ",96091 / 578,96091,578
1661,"$19,922 ",95225 / 570,95225,570
476,"$73,542 ",95439 / 566,95439,566
894,"$55,000 ",95653 / 565,95653,565
213,"$94,712 ",93932 / 564,93932,564
1312,"$40,500 ",95563 / 559,95563,559
1628,"$25,200 ",95914 / 555,95914,555
444,"$75,714 ",95697 / 554,95697,554
1456,"$34,911 ",95527 / 553,95527,553
1528,"$31,964 ",95543 / 551,95543,551
1576,"$29,048 ",96104 / 548,96104,548
1043,"$49,732 ",96016 / 532,96016,532
1242,"$42,619 ",96084 / 530,96084,530
1196,"$43,854 ",95471 / 528,95471,528
1570,"$29,306 ",96033 / 526,96033,526
1597,"$27,727 ",96087 / 525,96087,525
1624,"$25,707 ",92258 / 520,92258,520
636,"$65,114 ",95651 / 517,95651,517
1393,"$37,631 ",95385 / 515,95385,515
1575,"$29,063 ",95939 / 512,95939,512
675,"$63,529 ",95941 / 505,95941,505
1532,"$31,892 ",95934 / 504,95934,504
941,"$53,056 ",95564 / 500,95564,500
119,"$107,768 ",94970 / 495,94970,495
1366,"$38,690 ",95728 / 495,95728,495
1584,"$28,556 ",94922 / 492,94922,492
815,"$57,639 ",95970 / 482,95970,482
393,"$79,485 ",94963 / 461,94963,461
835,"$56,923 ",95956 / 459,95956,459
1612,"$26,518 ",95585 / 454,95585,454
1678,"$13,750 ",95511 / 452,95511,452
1294,"$41,042 ",95345 / 448,95345,448
990,"$51,618 ",95420 / 442,95420,442
1615,"$26,250 ",95983 / 440,95983,440
1258,"$42,273 ",93224 / 429,93224,429
876,"$55,750 ",92239 / 428,92239,428
331,"$84,250 ",92678 / 427,92678,427
527,"$71,063 ",95920 / 417,95920,417
1476,"$34,464 ",96050 / 408,96050,408
318,"$85,000 ",94548 / 400,94548,400
629,"$65,625 ",96006 / 400,96006,400
1095,"$47,679 ",96090 / 397,96090,397
1416,"$36,875 ",96065 / 387,96065,387
1151,"$45,509 ",95257 / 385,95257,385
1650,"$21,838 ",96086 / 379,96086,379
582,"$67,917 ",93563 / 375,93563,375
1131,"$46,250 ",91759 / 369,91759,369
1282,"$41,522 ",96124 / 366,96124,366
782,"$58,854 ",93226 / 363,93226,363
422,"$77,250 ",93928 / 362,93928,362
1247,"$42,500 ",94971 / 362,94971,362
1439,"$36,000 ",95558 / 360,95558,360
983,"$51,875 ",95412 / 352,95412,352
1516,"$32,431 ",95432 / 348,95432,348
1430,"$36,406 ",93244 / 340,93244,340
599,"$66,983 ",93531 / 338,93531,338
1261,"$42,237 ",93549 / 334,93549,334
1638,"$24,032 ",91931 / 331,91931,331
127,"$106,458 ",90743 / 330,90743,330
741,"$60,556 ",95075 / 330,95075,330
852,"$56,563 ",96009 / 329,96009,329
1496,"$33,125 ",95555 / 329,95555,329
1640,"$23,750 ",95554 / 325,95554,325
704,"$62,109 ",92305 / 321,92305,321
21,"$153,269 ",94074 / 320,94074,320
215,"$94,420 ",94569 / 320,94569,320
555,"$69,702 ",95607 / 315,95607,315
446,"$75,556 ",95639 / 311,95639,311
843,"$56,683 ",95488 / 309,95488,309
1085,"$48,285 ",95675 / 309,95675,309
1657,"$20,972 ",96075 / 308,96075,308
1537,"$31,544 ",93621 / 307,93621,307
1649,"$21,875 ",96054 / 294,96054,294
1674,"$14,848 ",92341 / 294,92341,294
1146,"$45,625 ",91934 / 293,91934,293
109,"$110,236 ",95837 / 289,95837,289
1643,"$22,917 ",93652 / 288,93652,288
112,"$109,545 ",96125 / 285,96125,285
1555,"$30,500 ",96034 / 285,96034,285
913,"$54,327 ",95714 / 284,95714,284
1686,"$6,827 ",93669 / 284,93669,284
1462,"$34,750 ",92328 / 281,92328,281
1351,"$39,013 ",96092 / 277,96092,277
1529,"$31,932 ",95569 / 277,95569,277
986,"$51,806 ",95312 / 276,95312,276
379,"$80,313 ",96106 / 275,96106,275
1001,"$51,250 ",93603 / 274,93603,274
1217,"$43,295 ",92066 / 273,92066,273
168,"$100,380 ",92385 / 269,92385,269
1185,"$44,333 ",95550 / 269,95550,269
1648,"$21,912 ",92259 / 269,92259,269
1672,"$15,529 ",95443 / 268,95443,268
1626,"$25,486 ",93558 / 267,93558,267
609,"$66,679 ",93628 / 266,93628,266
1660,"$20,179 ",95224 / 266,95224,266
1462,"$34,750 ",93207 / 263,93207,263
1559,"$29,952 ",96046 / 255,96046,255
1213,"$43,355 ",95736 / 250,95736,250
292,"$87,596 ",96121 / 249,96121,249
1201,"$43,750 ",93954 / 246,93954,246
937,"$53,214 ",95936 / 244,95936,244
1062,"$49,063 ",96117 / 244,96117,244
1647,"$21,979 ",95526 / 237,95526,237
1376,"$38,438 ",96017 / 234,96017,234
12,"$166,750 ",95140 / 233,95140,233
1263,"$42,222 ",93641 / 233,93641,233
1615,"$26,250 ",96112 / 230,96112,230
1319,"$40,179 ",93251 / 229,93251,229
1429,"$36,429 ",96040 / 229,96040,229
995,"$51,389 ",95450 / 228,95450,228
1652,"$21,410 ",95427 / 227,95427,227
377,"$80,341 ",94104 / 223,94104,223
954,"$52,500 ",96063 / 222,96063,222
1675,"$14,688 ",96037 / 220,96037,220
1142,"$45,769 ",95698 / 219,95698,219
789,"$58,500 ",95232 / 217,95232,217
651,"$64,583 ",94512 / 214,94512,214
226,"$93,529 ",93645 / 212,93645,212
1541,"$31,250 ",96115 / 212,96115,212
222,"$93,810 ",94021 / 211,94021,211
346,"$82,917 ",93605 / 201,93605,201
461,"$75,163 ",95625 / 200,95625,200
1345,"$39,167 ",95717 / 199,95717,199
1541,"$31,250 ",96074 / 199,96074,199
1579,"$28,958 ",94940 / 194,94940,194
1129,"$46,319 ",95494 / 188,95494,188
284,"$88,333 ",95493 / 187,95493,187
1513,"$32,500 ",96010 / 187,96010,187
1441,"$35,750 ",95595 / 180,95595,180
1621,"$26,000 ",93512 / 178,93512,178
1651,"$21,429 ",95248 / 178,95248,178
1158,"$45,313 ",93276 / 176,93276,176
1632,"$24,375 ",93260 / 175,93260,175
523,"$71,301 ",95417 / 170,95417,170
1645,"$22,893 ",95514 / 170,95514,170
1666,"$17,981 ",91046 / 168,91046,168
573,"$68,636 ",92378 / 166,92378,166
903,"$54,688 ",96029 / 165,96029,165
1193,"$43,971 ",96105 / 165,96105,165
1641,"$23,542 ",96031 / 165,96031,165
1631,"$24,625 ",96116 / 162,96116,162
1224,"$43,036 ",95601 / 161,95601,161
1590,"$28,261 ",96133 / 160,96133,160
1663,"$18,750 ",96011 / 155,96011,155
164,"$100,750 ",94516 / 154,94516,154
229,"$93,393 ",95571 / 152,95571,152
803,"$57,917 ",96014 / 152,96014,152
424,"$77,188 ",95699 / 148,95699,148
80,"$120,208 ",95041 / 146,95041,146
718,"$61,310 ",94573 / 142,94573,142
625,"$65,735 ",93287 / 141,93287,141
38,"$135,076 ",96136 / 135,96136,135
1359,"$38,750 ",96068 / 135,96068,135
1513,"$32,500 ",96126 / 133,96126,133
1669,"$16,537 ",95537 / 130,95537,130
1608,"$26,771 ",96110 / 129,96110,129
98,"$114,542 ",95587 / 128,95587,128
1607,"$26,813 ",93554 / 128,93554,128
280,"$88,750 ",93208 / 125,93208,125
1392,"$37,663 ",95910 / 115,95910,115
1681,"$12,000 ",92389 / 115,92389,115
1113,"$47,031 ",93429 / 114,93429,114
1247,"$42,500 ",96132 / 103,96132,103
1644,"$22,904 ",95559 / 103,95559,103
654,"$64,375 ",95545 / 99,95545,99
1589,"$28,285 ",93519 / 97,93519,97
1680,"$12,404 ",96049 / 90,96049,90
1181,"$44,417 ",94929 / 82,94929,82
1517,"$32,361 ",95715 / 80,95715,80
481,"$73,125 ",95429 / 77,95429,77
1201,"$43,750 ",96119 / 71,96119,71
1685,"$10,481 ",95915 / 58,95915,58
656,"$64,219 ",96085 / 50,96085,50
1676,"$14,073 ",95679 / 48,95679,48
1480,"$34,063 ",95735 / 30,95735,30